ID;Giocatore;Ruolo;Ruolo2;Squadra;Min.Gioc.;G;GF;GS;Aut;Ass;CS;GF;GS;Aut;Ass;TS;GF;GS;Aut;Ass;M2;M3;Amm;Esp;Gdv;Gdp;RigS;RigP;Rt;Rs;T;VG;VC;VTS
ALL.;JURIC I.;ALL;ALL;ATALANTA;;6;;;;;6;;;;;6;;;;;;;1;0;;;;;;;;;;
105;CARNESECCHI M.;P;P;ATALANTA;;6,54;0;1;0;0;6,5;0;1;0;0;6,5;0;1;0;0;6,5;6,5;0;0;0;0;0;0;0;0;1;5,5;5,5;5,5
215;BELLANOVA R.;D;D;ATALANTA;;5,54;0;0;0;0;6;0;0;0;0;6;0;0;0;0;5,75;5,83;0;0;0;0;0;0;0;0;1;5,5;6;6
253;DJIMSITI B.;D;D;ATALANTA;;5,54;0;0;0;0;5,5;0;0;0;0;6;0;0;0;0;5,5;5,67;0;0;0;0;0;0;0;0;1;5,5;5,5;6
282;HIEN I.;D;D;ATALANTA;;5,01;0;0;1;0;5,5;0;0;1;0;6;0;0;1;0;5,25;5,5;0;0;0;0;0;0;0;0;1;3;5,5;4
298;KOSSOUNOU O.;D;D;ATALANTA;;s,v,;0;0;0;0;s,v,;0;0;0;0;s,v,;0;0;0;0;0;0;0;0;0;0;0;0;0;0;0;0;0;0
374;SCALVINI G.;D;D;ATALANTA;;6,02;0;0;0;0;6;0;0;0;0;6;0;0;0;0;6;6;0;0;0;0;0;0;0;0;1;6;6;6
554;DE ROON M.;C;C;ATALANTA;;6,02;0;0;0;0;6,5;0;0;0;0;6;0;0;0;0;6,25;6,17;0;0;0;0;0;0;0;0;1;6;6,5;6
559;EDERSON;C;C;ATALANTA;15;6,02;0;0;0;0;6;0;0;0;0;6;0;0;0;0;6;6;0;0;0;0;0;0;0;0;0;6;6;6
618;MALDINI D.;C;C;ATALANTA;;5,53;0;0;0;0;5,5;0;0;0;0;6;0;0;0;0;5,5;5,67;1;0;0;0;0;0;0;0;1;5;5;5,5
643;PASALIC M.;C;C;ATALANTA;;5,53;0;0;0;1;5,5;0;0;0;1;6,5;0;0;0;1;5,5;5,83;0;0;0;0;0;0;0;0;1;6,5;5,5;7,5
667;SAMARDZIC L.;C;C;ATALANTA;;s,v,;0;0;0;0;s,v,;0;0;0;0;s,v,;0;0;0;0;0;0;0;0;0;0;0;0;0;0;0;0;0;0
674;SULEMANA;C;C;ATALANTA;15;6,03;0;0;0;0;6;0;0;0;0;6;0;0;0;0;6;6;1;0;0;0;0;0;0;0;0;5,5;5,5;5,5
697;ZALEWSKI N.;C;C;ATALANTA;;6,04;0;0;0;0;6;0;0;0;0;6;0;0;0;0;6;6;0;0;0;0;0;0;0;0;1;6;6;6
847;DE KETELAERE C.;A;A;ATALANTA;;5,04;0;0;0;0;5,5;0;0;0;0;6,5;0;0;0;0;5,25;5,67;0;0;0;0;0;0;0;0;1;5;5,5;6,5
880;KRSTOVIC N.;A;A;ATALANTA;15;6,04;0;0;0;0;6;0;0;0;0;6;0;0;0;0;6;6;0;0;0;0;0;0;0;0;0;6;6;6
942;SCAMACCA G.;A;A;ATALANTA;;6,53;1;0;0;0;7;1;0;0;0;7;1;0;0;0;6,75;6,83;0;0;0;1;0;0;0;0;1;9,5;10;10
ALL.;ITALIANO V.;ALL;ALL;BOLOGNA;;5,5;;;;;5,5;;;;;5,5;;;;;;;0;0;;;;;;;;;;
155;SKORUPSKI L.;P;P;BOLOGNA;;6,53;0;1;0;0;6;0;1;0;0;6,5;0;1;0;0;6,25;6,33;0;0;0;0;0;0;0;0;1;5,5;5;5,5
232;CASALE N.;D;D;BOLOGNA;;5,04;0;0;0;0;5;0;0;0;0;4,5;0;0;0;0;5;4,83;0;0;0;0;0;0;0;0;1;5;5;4,5
245;DE SILVESTRI L.;D;D;BOLOGNA;;5,04;0;0;0;0;6;0;0;0;0;5,5;0;0;0;0;5,5;5,5;0;0;0;0;0;0;0;0;1;5;6;5,5
309;LUCUMI J.;D;D;BOLOGNA;;4,04;0;0;0;0;5;0;0;0;0;4;0;0;0;0;4,5;4,33;0;0;0;0;0;0;0;0;1;4;5;4
313;LYKOGIANNIS C.;D;D;BOLOGNA;;5,04;0;0;0;0;5;0;0;0;0;6;0;0;0;0;5;5,33;0;0;0;0;0;0;0;0;1;5;5;6
400;VITIK M.;D;D;BOLOGNA;15;5,53;0;0;0;0;5,5;0;0;0;0;6,5;0;0;0;0;5,5;5,83;0;0;0;0;0;0;0;0;0;5,5;5,5;6,5
410;ZORTEA N.;D;D;BOLOGNA;15;5,53;0;0;0;0;5,5;0;0;0;0;s,v,;0;0;0;0;5,5;5,5;0;0;0;0;0;0;0;0;0;5,5;5,5;0
566;FABBIAN G.;C;C;BOLOGNA;15;5,53;0;0;0;0;6;0;0;0;0;s,v,;0;0;0;0;5,75;5,75;0;0;0;0;0;0;0;0;0;5,5;6;0
577;FREULER R.;C;C;BOLOGNA;;6,04;0;0;0;0;5,5;0;0;0;0;5,5;0;0;0;0;5,75;5,67;1;0;0;0;0;0;0;0;1;5,5;5;5
654;POBEGA T.;C;C;BOLOGNA;;5,04;0;0;0;0;5;0;0;0;0;5;0;0;0;0;5;5;0;0;0;0;0;0;0;0;1;5;5;5
698;BERNARDESCHI F.;C;C;BOLOGNA;;6,04;0;0;0;0;s,v,;0;0;0;0;6,5;0;0;0;0;6;6,25;0;0;0;0;0;0;0;0;0;6;0;6,5
830;CAMBIAGHI N.;A;A;BOLOGNA;;5,53;0;0;0;0;5,5;0;0;0;0;6,5;0;0;0;0;5,5;5,83;0;0;0;0;0;0;0;0;1;5,5;5,5;6,5
834;CASTRO S.;A;A;BOLOGNA;15;6,53;0;0;0;0;6;0;0;0;0;6,5;0;0;0;0;6,25;6,33;0;0;0;0;0;0;0;0;0;6,5;6;6,5
870;IMMOBILE C.;A;A;BOLOGNA;;5,53;0;0;0;0;6;0;0;0;0;5;0;0;0;0;5,75;5,5;0;0;0;0;0;0;0;0;1;5,5;6;5
916;ODGAARD J.;A;A;BOLOGNA;;5,04;0;0;0;0;5;0;0;0;0;5;0;0;0;0;5;5;0;0;0;0;0;0;0;0;1;5;5;5
920;ORSOLINI R.;A;A;BOLOGNA;;6,04;0;0;0;0;6,5;0;0;0;0;5,5;0;0;0;0;6,25;6;0;0;0;0;0;0;0;0;1;6;6,5;5,5
ALL.;PISACANE F.;ALL;ALL;CAGLIARI;;6,5;;;;;7;;;;;6,5;;;;;;;0;0;;;;;;;;;;
104;CAPRILE E.;P;P;CAGLIARI;;6,04;0;1;0;0;6;0;1;0;0;6;0;1;0;0;6;6;0;0;0;0;0;0;0;0;1;5;5;5
285;IDRISSI R.;D;D;CAGLIARI;15;6,04;0;0;0;0;6;0;0;0;0;s,v,;0;0;0;0;6;6;0;0;0;0;0;0;0;0;0;6;6;0
311;LUPERTO S.;D;D;CAGLIARI;;7,04;1;0;0;0;7,5;1;0;0;0;7;1;0;0;0;7,25;7,17;0;0;0;1;0;0;0;0;1;10;10,5;10
324;MINA Y.;D;D;CAGLIARI;;6,04;0;0;0;0;6;0;0;0;0;5,5;0;0;0;0;6;5,83;0;0;0;0;0;0;0;0;1;6;6;5,5
335;OBERT A.;D;D;CAGLIARI;;5,53;0;0;0;0;6,5;0;0;0;0;5,5;0;0;0;0;6;5,83;1;0;0;0;0;0;0;0;1;5;6;5
407;ZAPPA G.;D;D;CAGLIARI;;6,04;0;0;0;0;6,5;0;0;0;0;6;0;0;0;0;6,25;6,17;0;0;0;0;0;0;0;0;1;6;6,5;6
502;ADOPO M.;C;C;CAGLIARI;;6,04;0;0;0;0;6,5;0;0;0;0;6,5;0;0;0;0;6,25;6,33;0;0;0;0;0;0;0;0;1;6;6,5;6,5
555;DEIOLA A.;C;C;CAGLIARI;;6,04;0;0;0;0;6;0;0;0;0;6;0;0;0;0;6;6;0;0;0;0;0;0;0;0;1;6;6;6
574;FOLORUNSHO M.;C;C;CAGLIARI;;6,04;0;0;0;0;6,5;0;0;0;0;6;0;0;0;0;6,25;6,17;0;0;0;0;0;0;0;0;1;6;6,5;6
578;GAETANO G.;C;C;CAGLIARI;15;6,53;0;0;0;1;6,5;0;0;0;1;6,5;0;0;0;1;6,5;6,5;0;0;0;0;0;0;0;0;0;7,5;6,5;7,5
655;PRATI M.;C;C;CAGLIARI;;6,04;0;0;0;0;6;0;0;0;0;5,5;0;0;0;0;6;5,83;0;0;0;0;0;0;0;0;1;6;6;5,5
703;MAZZITELLI L.;C;C;CAGLIARI;15;5,53;0;0;0;0;6,5;0;0;0;0;6,5;0;0;0;0;6;6,17;1;0;0;0;0;0;0;0;0;5;6;6
822;BORRELLI G.;A;A;CAGLIARI;;6,53;0;0;0;0;6,5;0;0;0;0;6,5;0;0;0;0;6,5;6,5;1;0;0;0;0;0;0;0;1;6;6;6
861;ESPOSITO S.;A;A;CAGLIARI;;6,53;0;0;0;0;6;0;0;0;0;6;0;0;0;0;6,25;6,17;0;0;0;0;0;0;0;0;1;6,5;6;6
893;LUVUMBO S.;A;A;CAGLIARI;15;6,04;0;0;0;0;6,5;0;0;0;0;6,5;0;0;0;0;6,25;6,33;0;0;0;0;0;0;0;0;0;6;6,5;6,5
973;KILICSOY S.;A;A;CAGLIARI;;s,v,;0;0;0;0;s,v,;0;0;0;0;s,v,;0;0;0;0;0;0;1;0;0;0;0;0;0;0;0;0;0;0
ALL.;FABREGAS C.;ALL;ALL;COMO;;8;;;;;8;;;;;8;;;;;;;0;0;;;;;;;;;;
103;BUTEZ J.;P;P;COMO;;6,04;0;0;0;0;6;0;0;0;0;6;0;0;0;0;6;6;0;0;0;0;0;0;0;0;1;6;6;6
296;KEMPF M.;D;D;COMO;;6,53;0;0;0;0;7;0;0;0;0;7;0;0;0;0;6,75;6,83;0;0;0;0;0;0;0;0;1;6,5;7;7
360;ROBERTO S.;D;D;COMO;;6,53;0;0;0;0;s,v,;0;0;0;0;s,v,;0;0;0;0;6,5;6,5;0;0;0;0;0;0;0;0;0;6,5;0;0
379;SMOLCIC I.;D;D;COMO;15;6,04;0;0;0;0;6;0;0;0;0;s,v,;0;0;0;0;6;6;0;0;0;0;0;0;0;0;0;6;6;0
394;VALLE A.;D;D;COMO;;7,04;0;0;0;0;7,5;0;0;0;0;6;0;0;0;0;7,25;6,83;0;0;0;0;0;0;0;0;1;7;7,5;6
395;VAN DER BREMPT I.;D;D;COMO;;6,53;0;0;0;0;7;0;0;0;0;6,5;0;0;0;0;6,75;6,67;1;0;0;0;0;0;0;0;1;6;6,5;6
402;VOJVODA M.;D;D;COMO;;7,53;0;0;0;0;7,5;0;0;0;0;6,5;0;0;0;0;7,5;7,17;0;0;0;0;0;0;0;0;1;7,5;7,5;6,5
423;RAMON J.;D;D;COMO;;7,04;0;0;0;0;7,5;0;0;0;0;6,5;0;0;0;0;7,25;7;0;0;0;0;0;0;0;0;1;7;7,5;6,5
537;CAQUERET M.;C;C;COMO;;6,53;0;0;0;0;s,v,;0;0;0;0;s,v,;0;0;0;0;6,5;6,5;0;0;0;0;0;0;0;0;0;6,5;0;0
551;DA CUNHA L.;C;C;COMO;;7,04;0;0;0;0;7,5;0;0;0;0;6;0;0;0;0;7,25;6,83;0;0;0;0;0;0;0;0;1;7;7,5;6
645;PAZ N.;C;C;COMO;;8,04;1;0;0;1;9;1;0;0;1;8;1;0;0;1;8,5;8,33;1;0;0;0;0;0;0;0;1;11,5;11,5;11,5
649;PERRONE M.;C;C;COMO;;7,04;0;0;0;0;7;0;0;0;0;6;0;0;0;0;7;6,67;0;0;0;0;0;0;0;0;1;7;7;6
854;DOUVIKAS T.;A;A;COMO;;7,53;1;0;0;0;7,5;1;0;0;0;7;1;0;0;0;7,5;7,33;0;0;1;0;0;0;0;0;1;10,5;10,5;10
881;KUHN N.;A;A;COMO;;s,v,;0;0;0;0;s,v,;0;0;0;0;s,v,;0;0;0;0;0;0;0;0;0;0;0;0;0;0;0;0;0;0
937;RODRIGUEZ J.;A;A;COMO;;7,53;0;0;0;0;7;0;0;0;0;6;0;0;0;0;7,25;6,83;0;0;0;0;0;0;0;0;1;7,5;7;6
974;MORATA A.;A;A;COMO;15;6,53;0;0;0;0;6,5;0;0;0;0;6;0;0;0;0;6,5;6,33;0;0;0;0;0;0;0;0;0;6,5;6,5;6
ALL.;NICOLA D.;ALL;ALL;CREMONESE;;8;;;;;7;;;;;7,5;;;;;;;0;0;;;;;;;;;;
100;AUDERO E.;P;P;CREMONESE;;6,04;0;1;0;0;6;0;1;0;0;6,5;0;1;0;0;6;6,17;0;0;0;0;0;0;0;0;1;5;5;5,5
213;BASCHIROTTO F.;D;D;CREMONESE;;8,04;1;0;0;0;8;1;0;0;0;8;1;0;0;0;8;8;0;0;0;0;0;0;0;0;1;11;11;11
218;BIANCHETTI M.;D;D;CREMONESE;;6,53;0;0;0;0;7;0;0;0;0;7;0;0;0;0;6,75;6,83;0;0;0;0;0;0;0;0;1;6,5;7;7
233;CECCHERINI F.;D;D;CREMONESE;;s,v,;0;0;0;0;s,v,;0;0;0;0;s,v,;0;0;0;0;0;0;0;0;0;0;0;0;0;0;0;0;0;0
385;TERRACCIANO F.;D;D;CREMONESE;;6,53;0;0;0;0;6;0;0;0;0;7;0;0;0;0;6,25;6,5;1;0;0;0;0;0;0;0;1;6;5,5;6,5
422;PEZZELLA GI.;D;D;CREMONESE;;7,04;0;0;0;1;6,5;0;0;0;1;6,5;0;0;0;1;6,75;6,67;0;0;0;0;0;0;0;0;1;8;6,5;7,5
528;BONDO W.;C;C;CREMONESE;15;6,04;0;0;0;0;6;0;0;0;0;6;0;0;0;0;6;6;1;0;0;0;0;0;0;0;0;5,5;5,5;5,5
546;COLLOCOLO M.;C;C;CREMONESE;;6,53;0;0;0;0;7;0;0;0;0;6,5;0;0;0;0;6,75;6,67;0;0;0;0;0;0;0;0;1;6,5;7;6,5
644;PAYERO M.;C;C;CREMONESE;15;6,04;0;0;0;0;5,5;0;0;0;0;5,5;0;0;0;0;5,75;5,67;1;0;0;0;0;0;0;0;0;5,5;5;5
686;VANDEPUTTE J.;C;C;CREMONESE;;5,53;0;0;0;0;5,5;0;0;0;0;5,5;0;0;0;0;5,5;5,5;0;0;0;0;0;0;0;0;1;5,5;5,5;5,5
699;GRASSI A.;C;C;CREMONESE;;6,04;0;0;0;0;6;0;0;0;0;6;0;0;0;0;6;6;1;0;0;0;0;0;0;0;1;5,5;5,5;5,5
819;BONAZZOLI F.;A;A;CREMONESE;;8,04;1;0;0;0;7,5;1;0;0;0;7,5;1;0;0;0;7,75;7,67;0;0;1;0;0;0;0;0;1;11;10,5;10,5
848;DE LUCA M.;A;A;CREMONESE;;s,v,;0;0;0;0;s,v,;0;0;0;0;s,v,;0;0;0;0;0;0;0;0;0;0;0;0;0;0;0;0;0;0
918;OKEREKE D.;A;A;CREMONESE;;6,04;0;0;0;0;6;0;0;0;0;5;0;0;0;0;6;5,67;0;0;0;0;0;0;0;0;1;6;6;5
939;SANABRIA A.;A;A;CREMONESE;15;6,04;0;0;0;0;6;0;0;0;0;6;0;0;0;0;6;6;0;0;0;0;0;0;0;0;0;6;6;6
965;ZERBIN A.;A;A;CREMONESE;;6,53;0;0;0;1;6,5;0;0;0;1;6,5;0;0;0;1;6,5;6,5;0;0;0;0;0;0;0;0;1;7,5;6,5;7,5
ALL.;PIOLI S.;ALL;ALL;FIORENTINA;;6;;;;;5,5;;;;;5,5;;;;;;;0;0;;;;;;;;;;
110;DE GEA D.;P;P;FIORENTINA;;6,04;0;1;0;0;5,5;0;1;0;0;5,5;0;1;0;0;5,75;5,67;0;0;0;0;0;0;0;0;1;5;4,5;4,5
240;COMUZZO P.;D;D;FIORENTINA;;6,04;0;0;0;0;5,5;0;0;0;0;6;0;0;0;0;5,75;5,83;0;0;0;0;0;0;0;0;1;6;5,5;6
278;GOSENS Robin;D;D;FIORENTINA;;6,04;0;0;0;0;6,5;0;0;0;0;5,5;0;0;0;0;6,25;6;0;0;0;0;0;0;0;0;1;6;6,5;5,5
316;MARI P.;D;D;FIORENTINA;15;5,04;0;0;0;0;4,5;0;0;0;0;5,5;0;0;0;0;4,75;5;1;0;0;0;0;0;0;0;0;4,5;4;5
341;PARISI F.;D;D;FIORENTINA;;6,04;0;0;0;0;5,5;0;0;0;0;5,5;0;0;0;0;5,75;5,67;0;0;0;0;0;0;0;0;0;6;5,5;5,5
352;PONGRACIC M.;D;D;FIORENTINA;;6,04;0;0;0;0;5,5;0;0;0;0;5,5;0;0;0;0;5,75;5,67;1;0;0;0;0;0;0;0;1;5,5;5;5
356;RANIERI L.;D;D;FIORENTINA;;5,53;0;0;0;0;6;0;0;0;0;6;0;0;0;0;5,75;5,83;0;0;0;0;0;0;0;0;1;5,5;6;6
399;VITI M.;D;D;FIORENTINA;15;5,53;0;0;0;0;6;0;0;0;0;6;0;0;0;0;5,75;5,83;0;0;0;0;0;0;0;0;0;5,5;6;6
411;DODO;D;D;FIORENTINA;;6,53;0;0;0;0;5,5;0;0;0;0;6,5;0;0;0;0;6;6,17;0;0;0;0;0;0;0;0;1;6,5;5,5;6,5
568;FAGIOLI N.;C;C;FIORENTINA;;6,04;0;0;0;0;6;0;0;0;0;6;0;0;0;0;6;6;0;0;0;0;0;0;0;0;1;6;6;6
571;FAZZINI J.;C;C;FIORENTINA;15;6,04;0;0;0;0;6;0;0;0;0;6;0;0;0;0;6;6;0;0;0;0;0;0;0;0;0;6;6;6
621;MANDRAGORA R.;C;C;FIORENTINA;15;7,04;1;0;0;0;7;1;0;0;0;7;1;0;0;0;7;7;0;0;0;0;0;0;0;0;0;10;10;10
637;NDOUR C.;C;C;FIORENTINA;;5,04;0;0;0;0;5;0;0;0;0;5;0;0;0;0;5;5;0;0;0;0;0;0;0;0;1;5;5;5
669;SOHM S.;C;C;FIORENTINA;;5,53;0;0;0;0;5;0;0;0;0;6;0;0;0;0;5,25;5,5;0;0;0;0;0;0;0;0;1;5,5;5;6
868;GUDMUNDSSON A.;A;A;FIORENTINA;;5,53;0;0;0;1;6;0;0;0;1;5,5;0;0;0;1;5,75;5,67;0;0;0;0;0;0;0;0;1;6,5;6;6,5
877;KEAN M.;A;A;FIORENTINA;;5,04;0;0;0;0;5;0;0;0;0;5;0;0;0;0;5;5;0;0;0;0;0;0;0;0;1;5;5;5
ALL.;VIERA P.;ALL;ALL;GENOA;;6;;;;;6;;;;;5;;;;;;;0;0;;;;;;;;;;
120;LEALI N.;P;P;GENOA;;6,04;0;0;0;0;6;0;0;0;0;6;0;0;0;0;6;6;0;0;0;0;0;0;0;0;1;6;6;6
315;MARCANDALLI A.;D;D;GENOA;;6,04;0;0;0;0;6,5;0;0;0;0;6,5;0;0;0;0;6,25;6,33;0;0;0;0;0;0;0;0;1;6;6,5;6,5
319;MARTIN A.;D;D;GENOA;;6,04;0;0;0;0;6;0;0;0;0;6,5;0;0;0;0;6;6,17;1;0;0;0;0;0;0;0;1;5,5;5,5;6
333;NORTON-CUFFY B.;D;D;GENOA;;6,04;0;0;0;0;6;0;0;0;0;5,5;0;0;0;0;6;5,83;0;0;0;0;0;0;0;0;1;6;6;5,5
396;VASQUEZ J.;D;D;GENOA;;6,04;0;0;0;0;6;0;0;0;0;6;0;0;0;0;6;6;0;0;0;0;0;0;0;0;1;6;6;6
538;CARBONI V.;C;C;GENOA;;6,04;0;0;0;0;6;0;0;0;0;6;0;0;0;0;6;6;0;0;0;0;0;0;0;0;1;6;6;6
563;ELLERTSSON M.;C;C;GENOA;15;6,04;0;0;0;0;s,v,;0;0;0;0;6;0;0;0;0;6;6;0;0;0;0;0;0;0;0;0;6;0;6
576;FRENDRUP M.;C;C;GENOA;;6,04;0;0;0;0;6,5;0;0;0;0;6;0;0;0;0;6,25;6,17;0;0;0;0;0;0;0;0;1;6;6,5;6
582;GRONBAEK A.;C;C;GENOA;;6,04;0;0;0;0;6;0;0;0;0;6;0;0;0;0;6;6;0;0;0;0;0;0;0;0;1;6;6;6
626;MASINI P.;C;C;GENOA;;6,04;0;0;0;0;6,5;0;0;0;0;6;0;0;0;0;6,25;6,17;0;0;0;0;0;0;0;0;1;6;6,5;6
630;MESSIAS J.;C;C;GENOA;15;6,04;0;0;0;0;5,5;0;0;0;0;5;0;0;0;0;5,75;5,5;0;0;0;0;0;0;0;0;0;6;5,5;5
671;STANCIU N.;C;C;GENOA;;6,53;0;0;0;0;7;0;0;0;0;6;0;0;0;0;6,75;6,5;0;0;0;0;0;0;0;0;1;6,5;7;6
677;THORSBY M.;C;C;GENOA;;s,v,;0;0;0;0;s,v,;0;0;0;0;s,v,;0;0;0;0;0;0;0;0;0;0;0;0;0;0;0;0;0;0
840;COLOMBO L.;A;A;GENOA;;5,53;0;0;0;0;5,5;0;0;0;0;5;0;0;0;0;5,5;5,33;0;0;0;0;0;0;0;0;1;5,5;5,5;5
858;EKHATOR J.;A;A;GENOA;15;5,53;0;0;0;0;s,v,;0;0;0;0;6;0;0;0;0;5,5;5,75;1;0;0;0;0;0;0;0;0;5;0;5,5
960;VITINHA;A;A;GENOA;;s,v,;0;0;0;0;s,v,;0;0;0;0;s,v,;0;0;0;0;0;0;0;0;0;0;0;0;0;0;0;0;0;0
ALL.;TUDOR I.;ALL;ALL;JUVENTUS;;6,5;;;;;6,5;;;;;6,5;;;;;;;1;0;;;;;;;;;;
112;DI GREGORIO M.;P;P;JUVENTUS;;6,04;0;0;0;0;6;0;0;0;0;6,5;0;0;0;0;6;6,17;0;0;0;0;0;0;0;0;1;6;6;6,5
223;BREMER G.;D;D;JUVENTUS;;7,04;0;0;0;0;7;0;0;0;0;7;0;0;0;0;7;7;0;0;0;0;0;0;0;0;1;7;7;7
228;CAMBIASO A.;D;D;JUVENTUS;;5,04;0;0;0;0;4;0;0;0;0;5;0;0;0;0;4,5;4,67;0;1;0;0;0;0;0;0;1;4;3;4
270;GATTI F.;D;D;JUVENTUS;;6,04;0;0;0;0;6;0;0;0;0;6;0;0;0;0;6;6;1;0;0;0;0;0;0;0;1;5,5;5,5;5,5
293;KALULU P.;D;D;JUVENTUS;;6,04;0;0;0;0;6;0;0;0;0;6;0;0;0;0;6;6;0;0;0;0;0;0;0;0;1;6;6;6
295;KELLY L.;D;D;JUVENTUS;;6,04;0;0;0;0;6,5;0;0;0;0;6,5;0;0;0;0;6,25;6,33;0;0;0;0;0;0;0;0;1;6;6,5;6,5
418;MARIO J.;D;D;JUVENTUS;15;6,53;0;0;0;0;6,5;0;0;0;0;6;0;0;0;0;6,5;6,33;0;0;0;0;0;0;0;0;0;6,5;6,5;6
603;KOOPMEINERS T.;C;C;JUVENTUS;15;6,04;0;0;0;0;6;0;0;0;0;5,5;0;0;0;0;6;5,83;0;0;0;0;0;0;0;0;0;6;6;5,5
614;LOCATELLI M.;C;C;JUVENTUS;;6,04;0;0;0;0;6;0;0;0;0;6;0;0;0;0;6;6;0;0;0;0;0;0;0;0;1;6;6;6
628;MCKENNIE W.;C;C;JUVENTUS;;s,v,;0;0;0;0;s,v,;0;0;0;0;s,v,;0;0;0;0;0;0;0;0;0;0;0;0;0;0;0;0;0;0
679;THURAM K.;C;C;JUVENTUS;;6,53;0;0;0;0;6,5;0;0;0;0;6,5;0;0;0;0;6,5;6,5;0;0;0;0;0;0;0;0;1;6,5;6,5;6,5
845;DAVID J.;A;A;JUVENTUS;;7,04;1;0;0;0;7;1;0;0;0;7;1;0;0;0;7;7;0;0;1;0;0;0;0;0;1;10;10;10
867;GONZALEZ N.;A;A;JUVENTUS;;s,v,;0;0;0;0;s,v,;0;0;0;0;6;0;0;0;0;0;6;0;0;0;0;0;0;0;0;0;0;0;6
961;VLAHOVIC D.;A;A;JUVENTUS;;7,04;1;0;0;0;7;1;0;0;0;7;1;0;0;0;7;7;0;0;0;0;0;0;0;0;0;10;10;10
962;YILDIZ K.;A;A;JUVENTUS;;7,04;0;0;0;2;7,5;0;0;0;2;7,5;0;0;0;2;7,25;7,33;0;0;0;0;0;0;0;0;1;9;7,5;9,5
968;CONCEICAO F.;A;A;JUVENTUS;;6,53;0;0;0;0;7;0;0;0;0;6,5;0;0;0;0;6,75;6,67;0;0;0;0;0;0;0;0;1;6,5;7;6,5
ALL.;SARRI M.;ALL;ALL;LAZIO;;5;;;;;5;;;;;5;;;;;;;0;0;;;;;;;;;;
142;PROVEDEL I.;P;P;LAZIO;;5,04;0;2;0;0;5,5;0;2;0;0;6;0;2;0;0;5,25;5,5;0;0;0;0;0;0;0;0;1;3;3,5;4
274;GILA M.;D;D;LAZIO;;5,04;0;0;0;0;5;0;0;0;0;5;0;0;0;0;5;5;0;0;0;0;0;0;0;0;1;5;5;5
305;LAZZARI M.;D;D;LAZIO;;4,53;0;0;0;0;4,5;0;0;0;0;4,5;0;0;0;0;4,5;4,5;0;0;0;0;0;0;0;0;1;4,5;4,5;4,5
320;MARUSIC A.;D;D;LAZIO;15;5,04;0;0;0;0;5;0;0;0;0;5;0;0;0;0;5;5;0;0;0;0;0;0;0;0;0;5;5;5
334;NUNO TAVARES;D;D;LAZIO;;5,04;0;0;0;0;4,5;0;0;0;0;5;0;0;0;0;4,75;4,83;0;0;0;0;0;0;0;0;1;5;4,5;5
349;PELLEGRINI Lu.;D;D;LAZIO;15;5,04;0;0;0;0;5;0;0;0;0;s,v,;0;0;0;0;5;5;0;0;0;0;0;0;0;0;0;5;5;0
354;PROVSTGAARD O.;D;D;LAZIO;;5,53;0;0;0;0;5,5;0;0;0;0;5,5;0;0;0;0;5,5;5,5;0;0;0;0;0;0;0;0;1;5,5;5,5;5,5
542;CATALDI D.;C;C;LAZIO;;4,53;0;0;0;0;4,5;0;0;0;0;5;0;0;0;0;4,5;4,67;0;0;0;0;0;0;0;0;1;4,5;4,5;5
556;DELE-BASHIRU F.;C;C;LAZIO;;4,53;0;0;0;0;4;0;0;0;0;4,5;0;0;0;0;4,25;4,33;0;0;0;0;0;0;0;0;1;4,5;4;4,5
583;GUENDOUZI M.;C;C;LAZIO;;5,04;0;0;0;0;5,5;0;0;0;0;5;0;0;0;0;5,25;5,17;1;0;0;0;0;0;0;0;1;4,5;5;4,5
663;ROVELLA N.;C;C;LAZIO;15;5,53;0;0;0;0;5;0;0;0;0;5,5;0;0;0;0;5,25;5,33;0;0;0;0;0;0;0;0;0;5,5;5;5,5
831;CANCELLIERI M.;A;A;LAZIO;;5,04;0;0;0;0;4,5;0;0;0;0;5;0;0;0;0;4,75;4,83;0;0;0;0;0;0;0;0;1;5;4,5;5
833;CASTELLANOS V.;A;A;LAZIO;;5,53;0;0;0;0;5;0;0;0;0;5;0;0;0;0;5,25;5,17;1;0;0;0;0;0;0;0;1;5;4,5;4,5
850;DIA B.;A;A;LAZIO;15;5,04;0;0;0;0;5;0;0;0;0;s,v,;0;0;0;0;5;5;0;0;0;0;0;0;0;0;0;5;5;0
924;PEDRO;A;A;LAZIO;15;5,04;0;0;0;0;5;0;0;0;0;5,5;0;0;0;0;5;5,17;0;0;0;0;0;0;0;0;0;5;5;5,5
963;ZACCAGNI M.;A;A;LAZIO;;5,04;0;0;0;0;5,5;0;0;0;0;5;0;0;0;0;5,25;5,17;1;0;0;0;0;0;0;0;1;4,5;5;4,5
ALL.;DI FRANCESCO E.;ALL;ALL;LECCE;;6;;;;;6,5;;;;;6;;;;;;;0;0;;;;;;;;;;
114;FALCONE W.;P;P;LECCE;;6,53;0;0;0;0;7;0;0;0;0;6,5;0;0;0;0;6,75;6,67;0;0;0;0;0;0;0;0;1;6,5;7;6,5
267;GABRIEL T.;D;D;LECCE;;6,53;0;0;0;0;6,5;0;0;0;0;6,5;0;0;0;0;6,5;6,5;0;0;0;0;0;0;0;0;1;6,5;6,5;6,5
268;GALLO A.;D;D;LECCE;;6,04;0;0;0;0;6;0;0;0;0;6;0;0;0;0;6;6;0;0;0;0;0;0;0;0;1;6;6;6
269;GASPAR K.;D;D;LECCE;;6,04;0;0;0;0;6,5;0;0;0;0;6,5;0;0;0;0;6,25;6,33;0;0;0;0;0;0;0;0;1;6;6,5;6,5
299;KOUASSI T.;D;D;LECCE;15;6,04;0;0;0;0;6;0;0;0;0;6;0;0;0;0;6;6;0;0;0;0;0;0;0;0;0;6;6;6
397;VEIGA D.;D;D;LECCE;;6,04;0;0;0;0;6;0;0;0;0;6;0;0;0;0;6;6;1;0;0;0;0;0;0;0;1;5,5;5,5;5,5
522;BERISHA M.;C;C;LECCE;;5,53;0;0;0;0;5,5;0;0;0;0;6;0;0;0;0;5,5;5,67;0;0;0;0;0;0;0;0;1;5,5;5,5;6
548;COULIBALY L.;C;C;LECCE;;6,04;0;0;0;0;6;0;0;0;0;6;0;0;0;0;6;6;0;0;0;0;0;0;0;0;1;6;6;6
596;KABA M.;C;C;LECCE;15;6,04;0;0;0;0;6;0;0;0;0;5,5;0;0;0;0;6;5,83;0;0;0;0;0;0;0;0;0;6;6;5,5
651;PIERRET B.;C;C;LECCE;;s,v,;0;0;0;0;s,v,;0;0;0;0;s,v,;0;0;0;0;0;0;0;0;0;0;0;0;0;0;0;0;0;0
658;RAMADANI Y.;C;C;LECCE;;6,04;0;0;0;0;6;0;0;0;0;6,5;0;0;0;0;6;6,17;0;0;0;0;0;0;0;0;1;6;6;6,5
670;SOTTIL R.;C;C;LECCE;15;6,04;0;0;0;0;6;0;0;0;0;5,5;0;0;0;0;6;5,83;0;0;0;0;0;0;0;0;0;6;6;5,5
813;BANDA L.;A;A;LECCE;;6,04;0;0;0;0;5,5;0;0;0;0;5,5;0;0;0;0;5,75;5,67;1;0;0;0;0;0;0;0;1;5,5;5;5
829;CAMARDA F.;A;A;LECCE;;5,53;0;0;0;0;5,5;0;0;0;0;5;0;0;0;0;5,5;5,33;0;0;0;0;0;0;0;0;1;5,5;5,5;5
901;MORENTE T.;A;A;LECCE;;6,04;0;0;0;0;6,5;0;0;0;0;6,5;0;0;0;0;6,25;6,33;1;0;0;0;0;0;0;0;1;5,5;6;6
910;N'DRI K.;A;A;LECCE;;s,v,;0;0;0;0;s,v,;0;0;0;0;s,v,;0;0;0;0;0;0;0;0;0;0;0;0;0;0;0;0;0;0
ALL.;ALLEGRI M.;ALL;ALL;MILAN;;5;;;;;5;;;;;5;;;;;;;0;0;;;;;;;;;;
123;MAIGNAN M.;P;P;MILAN;;6,04;0;2;0;0;6;0;2;0;0;6;0;2;0;0;6;6;0;0;0;0;0;0;0;0;1;4;4;4
266;GABBIA M.;D;D;MILAN;;5,53;0;0;0;0;5,5;0;0;0;0;6;0;0;0;0;5,5;5,67;0;0;0;0;0;0;0;0;1;5,5;5,5;6
291;JIMENEZ A.;D;D;MILAN;15;5,53;0;0;0;0;5,5;0;0;0;0;5,5;0;0;0;0;5,5;5,5;1;0;0;0;0;0;0;0;0;5;5;5
345;PAVLOVIC S.;D;D;MILAN;;6,04;1;0;0;0;5,5;1;0;0;0;5,5;1;0;0;0;5,75;5,67;0;0;0;0;0;0;0;0;1;9;8,5;8,5
387;TOMORI F.;D;D;MILAN;;5,04;0;0;0;0;5,5;0;0;0;0;5,5;0;0;0;0;5,25;5,33;0;0;0;0;0;0;0;0;1;5;5,5;5,5
416;ESTUPINAN P.;D;D;MILAN;;6,04;0;0;0;1;5,5;0;0;0;1;5,5;0;0;0;1;5,75;5,67;0;0;0;0;0;0;0;0;1;7;5,5;6,5
545;CHUKWUEZE S.;C;C;MILAN;15;5,53;0;0;0;0;5,5;0;0;0;0;5,5;0;0;0;0;5,5;5,5;0;0;0;0;0;0;0;0;0;5,5;5,5;5,5
573;FOFANA Y.;C;C;MILAN;;5,04;0;0;0;0;5;0;0;0;0;5,5;0;0;0;0;5;5,17;0;0;0;0;0;0;0;0;1;5;5;5,5
615;LOFTUS-CHEEK R.;C;C;MILAN;;5,04;0;0;0;0;4,5;0;0;0;0;5,5;0;0;0;0;4,75;5;0;0;0;0;0;0;0;0;1;5;4,5;5,5
634;MODRIC L.;C;C;MILAN;;6,53;0;0;0;0;6,5;0;0;0;0;6,5;0;0;0;0;6,5;6,5;0;0;0;0;0;0;0;0;1;6,5;6,5;6,5
666;SAELEMAEKERS A.;C;C;MILAN;;5,53;0;0;0;0;6;0;0;0;0;6;0;0;0;0;5,75;5,83;0;0;0;0;0;0;0;0;1;5,5;6;6
704;JASHARI A.;C;C;MILAN;15;5,53;0;0;0;0;5,5;0;0;0;0;s,v,;0;0;0;0;5,5;5,5;0;0;0;0;0;0;0;0;0;5,5;5,5;0
865;GIMENEZ Santiago;A;A;MILAN;;4,53;0;0;0;0;5;0;0;0;0;4,5;0;0;0;0;4,75;4,67;0;0;0;0;0;0;0;0;1;4,5;5;4,5
934;PULISIC C.;A;A;MILAN;;5,04;0;0;0;0;5,5;0;0;0;0;5;0;0;0;0;5,25;5,17;0;0;0;0;0;0;0;0;1;5;5,5;5
ALL.;CONTE A.;ALL;ALL;NAPOLI;;7;;;;;7;;;;;7;;;;;;;0;0;;;;;;;;;;
0;VERGARA A.;C;C;NAPOLI;;s,v,;0;0;0;0;s,v,;0;0;0;0;s,v,;0;0;0;0;0;0;0;0;0;0;0;0;0;0;0;0;0;0
129;MERET A.;P;P;NAPOLI;;5,53;0;0;0;0;6;0;0;0;0;5,5;0;0;0;0;5,75;5,67;0;0;0;0;0;0;0;0;1;5,5;6;5,5
250;DI LORENZO G.;D;D;NAPOLI;;6,53;0;0;0;0;6;0;0;0;0;6;0;0;0;0;6,25;6,17;0;0;0;0;0;0;0;0;1;6,5;6;6
290;JESUS J.;D;D;NAPOLI;;6,04;0;0;0;0;6;0;0;0;0;5,5;0;0;0;0;6;5,83;0;0;0;0;0;0;0;0;1;6;6;5,5
337;OLIVERA M.;D;D;NAPOLI;;6,04;0;0;0;0;6,5;0;0;0;0;6;0;0;0;0;6,25;6,17;0;0;0;0;0;0;0;0;1;6;6,5;6
365;RRAHMANI A.;D;D;NAPOLI;;6,53;0;0;0;0;7;0;0;0;0;6,5;0;0;0;0;6,75;6,67;0;0;0;0;0;0;0;0;1;6,5;7;6,5
381;SPINAZZOLA L.;D;D;NAPOLI;;s,v,;0;0;0;0;s,v,;0;0;0;0;s,v,;0;0;0;0;0;0;0;0;0;0;0;0;0;0;0;0;0;0
507;ANGUISSA A.;C;C;NAPOLI;;6,53;0;0;0;0;6,5;0;0;0;0;6,5;0;0;0;0;6,5;6,5;0;0;0;0;0;0;0;0;1;6,5;6,5;6,5
553;DE BRUYNE K.;C;C;NAPOLI;;7,04;1;0;0;0;7;1;0;0;0;7;1;0;0;0;7;7;0;0;0;0;0;0;0;0;1;10;10;10
580;GILMOUR B.;C;C;NAPOLI;;s,v,;0;0;0;0;s,v,;0;0;0;0;s,v,;0;0;0;0;0;0;0;0;0;0;0;0;0;0;0;0;0;0
613;LOBOTKA S.;C;C;NAPOLI;;7,04;0;0;0;0;6,5;0;0;0;0;6,5;0;0;0;0;6,75;6,67;0;0;0;0;0;0;0;0;1;7;6,5;6,5
629;MCTOMINAY S.;C;C;NAPOLI;;7,53;1;0;0;0;7,5;1;0;0;0;7,5;1;0;0;0;7,5;7,5;0;0;1;0;0;0;0;0;1;10,5;10,5;10,5
883;LANG N.;A;A;NAPOLI;;s,v,;0;0;0;0;s,v,;0;0;0;0;s,v,;0;0;0;0;0;0;0;0;0;0;0;0;0;0;0;0;0;0
890;LUCCA L.;A;A;NAPOLI;;5,04;0;0;0;0;6;0;0;0;0;5,5;0;0;0;0;5,5;5,5;1;0;0;0;0;0;0;0;1;4,5;5,5;5
911;NERES D.;A;A;NAPOLI;;6,04;0;0;0;0;6;0;0;0;0;s,v,;0;0;0;0;6;6;0;0;0;0;0;0;0;0;0;6;6;0
931;POLITANO M.;A;A;NAPOLI;;7,53;0;0;0;1;7;0;0;0;1;6,5;0;0;0;1;7,25;7;0;0;0;0;0;0;0;0;1;8,5;7;7,5
ALL.;CUESTA C.;ALL;ALL;PARMA;;5,5;;;;;6;;;;;6;;;;;;;0;0;;;;;;;;;;
159;SUZUKI Z.;P;P;PARMA;;6,53;0;2;0;0;6;0;2;0;0;6;0;2;0;0;6,25;6,17;1;0;0;0;0;0;0;0;1;4;3,5;3,5
235;CIRCATI A.;D;D;PARMA;;4,53;0;0;0;0;5,5;0;0;0;0;5;0;0;0;0;5;5;0;0;0;0;0;0;0;0;1;4,5;5,5;5
248;DEL PRATO E.;D;D;PARMA;;5,53;0;0;0;0;6;0;0;0;0;5,5;0;0;0;0;5,75;5,67;0;0;0;0;0;0;0;0;1;5,5;6;5,5
307;LOVIK M.;D;D;PARMA;;5,53;0;0;0;0;5;0;0;0;0;6;0;0;0;0;5,25;5,5;0;0;0;0;0;0;0;0;1;5,5;5;6
391;VALENTI L.;D;D;PARMA;;6,04;0;0;0;0;5;0;0;0;0;6;0;0;0;0;5,5;5,67;0;0;0;0;0;0;0;0;1;6;5;6
393;VALERI E.;D;D;PARMA;;5,04;0;0;0;0;6;0;0;0;0;5,5;0;0;0;0;5,5;5,5;0;0;0;0;0;0;0;0;1;5;6;5,5
523;BERNABE A.;C;C;PARMA;;6,04;0;0;0;0;6;0;0;0;0;6;0;0;0;0;6;6;0;0;0;0;0;0;0;0;1;6;6;6
565;ESTEVEZ N.;C;C;PARMA;;s,v,;0;0;0;0;s,v,;0;0;0;0;s,v,;0;0;0;0;0;0;0;0;0;0;0;0;0;0;0;0;0;0
599;KEITA M.;C;C;PARMA;;5,53;0;0;0;0;6;0;0;0;0;6,5;0;0;0;0;5,75;6;0;0;0;0;0;0;0;0;1;5,5;6;6,5
639;ORDONEZ C.;C;C;PARMA;;5,04;0;0;0;0;6;0;0;0;0;5;0;0;0;0;5,5;5,33;0;0;0;0;0;0;0;0;1;5;6;5
708;SORENSEN O.;C;C;PARMA;15;6,04;0;0;0;0;5,5;0;0;0;0;5,5;0;0;0;0;5,75;5,67;1;0;0;0;0;0;0;0;0;5,5;5;5
804;ALMQVIST P.;A;A;PARMA;;6,04;0;0;0;0;7;0;0;0;0;6;0;0;0;0;6,5;6,33;0;0;0;0;0;0;0;0;1;6;7;6
817;BENEDYCZAK A.;A;A;PARMA;;s,v,;0;0;0;0;s,v,;0;0;0;0;s,v,;0;0;0;0;0;0;0;0;0;0;0;0;0;0;0;0;0;0
852;DJURIC M.;A;A;PARMA;;s,v,;0;0;0;0;s,v,;0;0;0;0;s,v,;0;0;0;0;0;0;0;0;0;0;0;0;0;0;0;0;0;0
926;PELLEGRINO M.;A;A;PARMA;;5,53;0;0;0;0;6;0;0;0;0;5;0;0;0;0;5,75;5,5;0;0;0;0;0;0;0;0;1;5,5;6;5
ALL.;GILARDINO A.;ALL;ALL;PISA;;7;;;;;6,5;;;;;6,5;;;;;;;0;0;;;;;;;;;;
152;SEMPER A.;P;P;PISA;;6,53;0;1;0;0;6,5;0;1;0;0;6;0;1;0;0;6,5;6,33;0;0;0;0;0;0;0;0;1;5,5;5,5;5
206;ANGORI S.;D;D;PISA;;7,04;0;0;0;0;6,5;0;0;0;0;6;0;0;0;0;6,75;6,5;0;0;0;0;0;0;0;0;1;7;6,5;6
227;CALABRESI A.;D;D;PISA;;s,v,;0;0;0;0;6;0;0;0;0;s,v,;0;0;0;0;6;6;0;0;0;0;0;0;0;0;0;0;6;0
229;CANESTRELLI S.;D;D;PISA;;6,04;0;0;0;0;6,5;0;0;0;0;5,5;0;0;0;0;6,25;6;0;0;0;0;0;0;0;0;1;6;6,5;5,5
230;CARACCIOLO A.;D;D;PISA;;6,53;0;0;0;0;6,5;0;0;0;0;6;0;0;0;0;6,5;6,33;0;0;0;0;0;0;0;0;1;6,5;6,5;6
243;CUADRADO J.;D;D;PISA;15;6,04;0;0;0;0;6;0;0;0;0;5,5;0;0;0;0;6;5,83;0;0;0;0;0;0;0;0;0;6;6;5,5
413;DENOON D.;D;D;PISA;;5,04;0;0;0;0;6;0;0;0;0;6;0;0;0;0;5,5;5,67;0;0;0;0;0;0;0;0;1;5;6;6
504;AEBISCHER M.;C;C;PISA;;5,53;0;0;0;0;6,5;0;0;0;0;6,5;0;0;0;0;6;6,17;0;0;0;0;0;0;0;0;1;5,5;6,5;6,5
624;MARIN M.;C;C;PISA;;7,04;0;0;0;0;7;0;0;0;0;6;0;0;0;0;7;6,67;0;0;0;0;0;0;0;0;1;7;7;6
650;PICCININI G.;C;C;PISA;;s,v,;0;0;0;0;6;0;0;0;0;s,v,;0;0;0;0;6;6;0;0;0;0;0;0;0;0;0;0;6;0
681;TOURE Id.;C;C;PISA;;6,53;0;0;0;0;7;0;0;0;0;6,5;0;0;0;0;6,75;6,67;0;0;0;0;0;0;0;0;1;6,5;7;6,5
682;TRAMONI M.;C;C;PISA;;6,04;0;0;0;0;6,5;0;0;0;0;6;0;0;0;0;6,25;6,17;0;0;0;0;0;0;0;0;1;6;6,5;6
700;AKINSANMIRO E.;C;C;PISA;15;5,53;0;0;0;0;6;0;0;0;0;6;0;0;0;0;5,75;5,83;0;0;0;0;0;0;0;0;0;5,5;6;6
897;MEISTER H.;A;A;PISA;;6,04;0;0;0;0;6,5;0;0;0;0;6;0;0;0;0;6,25;6,17;0;0;0;0;0;0;0;0;1;6;6,5;6
902;MOREO S.;A;A;PISA;;6,53;0;0;0;0;6,5;0;0;0;0;6;0;0;0;0;6,5;6,33;0;0;0;0;0;0;0;0;1;6,5;6,5;6
915;NZOLA M.;A;A;PISA;15;6,04;0;0;0;0;5,5;0;0;0;0;5,5;0;0;0;0;5,75;5,67;0;0;0;0;0;0;0;0;0;6;5,5;5,5
ALL.;GASPERINI G.;ALL;ALL;ROMA;;7;;;;;7,5;;;;;6,5;;;;;;;0;0;;;;;;;;;;
160;SVILAR M.;P;P;ROMA;;6,04;0;0;0;0;6;0;0;0;0;6;0;0;0;0;6;6;0;0;0;0;0;0;0;0;1;6;6;6
205;ANGELINO J.;D;D;ROMA;;6,04;0;0;0;0;6,5;0;0;0;0;6;0;0;0;0;6,25;6,17;0;0;0;0;0;0;0;0;1;6;6,5;6
281;HERMOSO M.;D;D;ROMA;;6,53;0;0;0;0;6,5;0;0;0;0;6;0;0;0;0;6,5;6,33;0;0;0;0;0;0;0;0;1;6,5;6,5;6
314;MANCINI G.;D;D;ROMA;;6,04;0;0;0;0;7;0;0;0;0;6;0;0;0;0;6,5;6,33;1;0;0;0;0;0;0;0;1;5,5;6,5;5,5
332;NDICKA E.;D;D;ROMA;;6,53;0;0;0;0;7;0;0;0;0;6,5;0;0;0;0;6,75;6,67;0;0;0;0;0;0;0;0;1;6,5;7;6,5
359;RENSCH D.;D;D;ROMA;;s,v,;0;0;0;0;s,v,;0;0;0;0;s,v,;0;0;0;0;0;0;0;0;0;0;0;0;0;0;0;0;0;0
424;WESLEY;D;D;ROMA;;7,04;1;0;0;0;7,5;1;0;0;0;7;1;0;0;0;7,25;7,17;0;0;1;0;0;0;0;0;1;10;10,5;10
549;CRISTANTE B.;C;C;ROMA;;6,53;0;0;0;0;7;0;0;0;0;6,5;0;0;0;0;6,75;6,67;0;0;0;0;0;0;0;0;1;6,5;7;6,5
562;EL SHAARAWY S.;C;C;ROMA;;6,04;0;0;0;0;6;0;0;0;0;6;0;0;0;0;6;6;0;0;0;0;0;0;0;0;1;6;6;6
602;KONE M.;C;C;ROMA;;7,04;0;0;0;0;7;0;0;0;0;5;0;0;0;0;7;6,33;0;0;0;0;0;0;0;0;1;7;7;5
701;EL AYNAOUI N.;C;C;ROMA;15;6,04;0;0;0;0;6;0;0;0;0;5,5;0;0;0;0;6;5,83;0;0;0;0;0;0;0;0;0;6;6;5,5
855;DOVBYK A.;A;A;ROMA;15;5,53;0;0;0;0;6;0;0;0;0;5,5;0;0;0;0;5,75;5,67;0;0;0;0;0;0;0;0;0;5,5;6;5,5
856;DYBALA P.;A;A;ROMA;15;6,04;0;0;0;0;6,5;0;0;0;0;7;0;0;0;0;6,25;6,5;0;0;0;0;0;0;0;0;0;6;6,5;7
946;SOULE M.;A;A;ROMA;;6,04;0;0;0;0;6;0;0;0;0;6;0;0;0;0;6;6;0;0;0;0;0;0;0;0;1;6;6;6
969;FERGUSON E.;A;A;ROMA;;7,04;0;0;0;0;7;0;0;0;0;6,5;0;0;0;0;7;6,83;0;0;0;0;0;0;0;0;1;7;7;6,5
ALL.;GROSSI F.;ALL;ALL;SASSUOLO;;5,5;;;;;5,5;;;;;5,5;;;;;;;0;0;;;;;;;;;;
163;TURATI S.;P;P;SASSUOLO;;5,04;0;2;0;0;5,5;0;2;0;0;5,5;0;2;0;0;5,25;5,33;0;0;0;0;0;0;0;0;1;3;3,5;3,5
254;DOIG J.;D;D;SASSUOLO;;6,04;0;0;0;0;5,5;0;0;0;0;6,5;0;0;0;0;5,75;6;0;0;0;0;0;0;0;0;1;6;5,5;6,5
331;MUHAREMOVIC T.;D;D;SASSUOLO;;5,53;0;0;0;0;5;0;0;0;0;5;0;0;0;0;5,25;5,17;0;0;0;0;0;0;0;0;1;5,5;5;5
362;ROMAGNA F.;D;D;SASSUOLO;;6,04;0;0;0;0;5,5;0;0;0;0;6;0;0;0;0;5,75;5,83;0;0;0;0;0;0;0;0;1;6;5,5;6
403;WALUKIEWICZ S.;D;D;SASSUOLO;;5,53;0;0;0;0;5;0;0;0;0;6;0;0;0;0;5,25;5,5;0;0;0;0;0;0;0;0;1;5,5;5;6
432;CANDE F.;D;D;SASSUOLO;;s,v,;0;0;0;0;s,v,;0;0;0;0;s,v,;0;0;0;0;0;0;0;0;0;0;0;0;0;0;0;0;0;0
527;BOLOCA D.;C;C;SASSUOLO;;5,53;0;0;0;0;5;0;0;0;0;6;0;0;0;0;5,25;5,5;0;0;0;0;0;0;0;0;1;5,5;5;6
567;FADERA A.;C;C;SASSUOLO;15;6,04;0;0;0;0;6;0;0;0;0;6;0;0;0;0;6;6;0;0;0;0;0;0;0;0;0;6;6;6
579;GHION A.;C;C;SASSUOLO;;s,v,;0;0;0;0;s,v,;0;0;0;0;s,v,;0;0;0;0;0;0;0;0;0;0;0;0;0;0;0;0;0;0
612;LIPANI L.;C;C;SASSUOLO;;5,04;0;0;0;0;6;0;0;0;0;5,5;0;0;0;0;5,5;5,5;0;0;0;0;0;0;0;0;1;5;6;5,5
702;KONE I.;C;C;SASSUOLO;;5,04;0;0;0;0;4,5;0;0;0;0;5;0;0;0;0;4,75;4,83;0;1;0;0;0;0;0;0;1;4;3,5;4
818;BERARDI D.;A;A;SASSUOLO;;5,04;0;0;0;0;5,5;0;0;0;0;6;0;0;0;0;5,25;5,5;1;0;0;0;0;0;0;0;1;4,5;5;5,5
885;LAURIENTE A.;A;A;SASSUOLO;;6,04;0;0;0;0;5,5;0;0;0;0;6;0;0;0;0;5,75;5,83;0;0;0;0;0;0;0;0;1;6;5,5;6
903;MORO L.;A;A;SASSUOLO;;s,v,;0;0;0;0;s,v,;0;0;0;0;s,v,;0;0;0;0;0;0;0;0;0;0;0;0;0;0;0;0;0;0
928;PIERINI N.;A;A;SASSUOLO;;s,v,;0;0;0;0;s,v,;0;0;0;0;5;0;0;0;0;0;5;0;0;0;0;0;0;0;0;0;0;0;5
930;PINAMONTI A.;A;A;SASSUOLO;;5,53;0;0;0;0;5;0;0;0;0;5;0;0;0;0;5,25;5,17;0;0;0;0;0;0;0;0;1;5,5;5;5
