_num_key,org,#,ID,Giocatore,Ruolo,Ruolo2,Squadra,Min.Gioc.,G,GF,GS,Aut,Ass,CS,GF.1,GS.1,Aut.1,Ass.1,TS,GF.2,GS.2,Aut.2,Ass.2,M2,M3,Amm,Esp,Gdv,Gdp,RigS,RigP,Rt,Rs,T,VG,VC,VTS
0,,,0,VERGARA A.,C,C,NAPOLI,,"s,v,",0.0,0.0,0.0,0.0,"s,v,",0.0,0.0,0.0,0.0,"s,v,",0.0,0.0,0.0,0.0,0.0,0.0,0.0,0.0,0.0,0.0,0.0,0.0,0.0,0.0,0.0,0.0,0.0,0.0
100,,,100,AUDERO E.,P,P,CREMONESE,,6.04,0.0,1.0,0.0,0.0,6,0.0,1.0,0.0,0.0,6.5,0.0,1.0,0.0,0.0,6.0,6.17,0.0,0.0,0.0,0.0,0.0,0.0,0.0,0.0,1.0,5.0,5.0,5.5
103,MT,103.0,103,BUTEZ J.,P,P,COMO,,6.04,0.0,0.0,0.0,0.0,6,0.0,0.0,0.0,0.0,6,0.0,0.0,0.0,0.0,6.0,6.0,0.0,0.0,0.0,0.0,0.0,0.0,0.0,0.0,1.0,6.0,6.0,6.0
104,JK,104.0,104,CAPRILE E.,P,P,CAGLIARI,,6.04,0.0,1.0,0.0,0.0,6,0.0,1.0,0.0,0.0,6,0.0,1.0,0.0,0.0,6.0,6.0,0.0,0.0,0.0,0.0,0.0,0.0,0.0,0.0,1.0,5.0,5.0,5.0
105,TE,105.0,105,CARNESECCHI M.,P,P,ATALANTA,,6.54,0.0,1.0,0.0,0.0,6.5,0.0,1.0,0.0,0.0,6.5,0.0,1.0,0.0,0.0,6.5,6.5,0.0,0.0,0.0,0.0,0.0,0.0,0.0,0.0,1.0,5.5,5.5,5.5
108,JH,108.0,,,,,,,,,,,,,,,,,,,,,,,,,,,,,,,,,,,
110,VK,110.0,110,DE GEA D.,P,P,FIORENTINA,,6.04,0.0,1.0,0.0,0.0,5.5,0.0,1.0,0.0,0.0,5.5,0.0,1.0,0.0,0.0,5.75,5.67,0.0,0.0,0.0,0.0,0.0,0.0,0.0,0.0,1.0,5.0,4.5,4.5
111,PP,111.0,,,,,,,,,,,,,,,,,,,,,,,,,,,,,,,,,,,
112,,,112,DI GREGORIO M.,P,P,JUVENTUS,,6.04,0.0,0.0,0.0,0.0,6,0.0,0.0,0.0,0.0,6.5,0.0,0.0,0.0,0.0,6.0,6.17,0.0,0.0,0.0,0.0,0.0,0.0,0.0,0.0,1.0,6.0,6.0,6.5
114,IÄ,114.0,114,FALCONE W.,P,P,LECCE,,6.53,0.0,0.0,0.0,0.0,7,0.0,0.0,0.0,0.0,6.5,0.0,0.0,0.0,0.0,6.75,6.67,0.0,0.0,0.0,0.0,0.0,0.0,0.0,0.0,1.0,6.5,7.0,6.5
115,IÄ,115.0,,,,,,,,,,,,,,,,,,,,,,,,,,,,,,,,,,,
120,,,120,LEALI N.,P,P,GENOA,,6.04,0.0,0.0,0.0,0.0,6,0.0,0.0,0.0,0.0,6,0.0,0.0,0.0,0.0,6.0,6.0,0.0,0.0,0.0,0.0,0.0,0.0,0.0,0.0,1.0,6.0,6.0,6.0
123,,,123,MAIGNAN M.,P,P,MILAN,,6.04,0.0,2.0,0.0,0.0,6,0.0,2.0,0.0,0.0,6,0.0,2.0,0.0,0.0,6.0,6.0,0.0,0.0,0.0,0.0,0.0,0.0,0.0,0.0,1.0,4.0,4.0,4.0
127,VK,127.0,,,,,,,,,,,,,,,,,,,,,,,,,,,,,,,,,,,
128,PP,128.0,,,,,,,,,,,,,,,,,,,,,,,,,,,,,,,,,,,
129,,,129,MERET A.,P,P,NAPOLI,,5.53,0.0,0.0,0.0,0.0,6,0.0,0.0,0.0,0.0,5.5,0.0,0.0,0.0,0.0,5.75,5.67,0.0,0.0,0.0,0.0,0.0,0.0,0.0,0.0,1.0,5.5,6.0,5.5
131,JP,131.0,,,,,,,,,,,,,,,,,,,,,,,,,,,,,,,,,,,
137,JP,137.0,,,,,,,,,,,,,,,,,,,,,,,,,,,,,,,,,,,
142,,,142,PROVEDEL I.,P,P,LAZIO,,5.04,0.0,2.0,0.0,0.0,5.5,0.0,2.0,0.0,0.0,6,0.0,2.0,0.0,0.0,5.25,5.5,0.0,0.0,0.0,0.0,0.0,0.0,0.0,0.0,1.0,3.0,3.5,4.0
143,JK,143.0,,,,,,,,,,,,,,,,,,,,,,,,,,,,,,,,,,,
145,TE,145.0,,,,,,,,,,,,,,,,,,,,,,,,,,,,,,,,,,,
147,IÄ,147.0,,,,,,,,,,,,,,,,,,,,,,,,,,,,,,,,,,,
151,MT,151.0,,,,,,,,,,,,,,,,,,,,,,,,,,,,,,,,,,,
152,MT,152.0,152,SEMPER A.,P,P,PISA,,6.53,0.0,1.0,0.0,0.0,6.5,0.0,1.0,0.0,0.0,6,0.0,1.0,0.0,0.0,6.5,6.33,0.0,0.0,0.0,0.0,0.0,0.0,0.0,0.0,1.0,5.5,5.5,5.0
155,,,155,SKORUPSKI L.,P,P,BOLOGNA,,6.53,0.0,1.0,0.0,0.0,6,0.0,1.0,0.0,0.0,6.5,0.0,1.0,0.0,0.0,6.25,6.33,0.0,0.0,0.0,0.0,0.0,0.0,0.0,0.0,1.0,5.5,5.0,5.5
157,PP,157.0,,,,,,,,,,,,,,,,,,,,,,,,,,,,,,,,,,,
158,TE,158.0,,,,,,,,,,,,,,,,,,,,,,,,,,,,,,,,,,,
159,JH,159.0,159,SUZUKI Z.,P,P,PARMA,,6.53,0.0,2.0,0.0,0.0,6,0.0,2.0,0.0,0.0,6,0.0,2.0,0.0,0.0,6.25,6.17,1.0,0.0,0.0,0.0,0.0,0.0,0.0,0.0,1.0,4.0,3.5,3.5
160,,,160,SVILAR M.,P,P,ROMA,,6.04,0.0,0.0,0.0,0.0,6,0.0,0.0,0.0,0.0,6,0.0,0.0,0.0,0.0,6.0,6.0,0.0,0.0,0.0,0.0,0.0,0.0,0.0,0.0,1.0,6.0,6.0,6.0
163,,,163,TURATI S.,P,P,SASSUOLO,,5.04,0.0,2.0,0.0,0.0,5.5,0.0,2.0,0.0,0.0,5.5,0.0,2.0,0.0,0.0,5.25,5.33,0.0,0.0,0.0,0.0,0.0,0.0,0.0,0.0,1.0,3.0,3.5,3.5
165,MT,165.0,,,,,,,,,,,,,,,,,,,,,,,,,,,,,,,,,,,
166,MT,166.0,,,,,,,,,,,,,,,,,,,,,,,,,,,,,,,,,,,
169,VK,169.0,,,,,,,,,,,,,,,,,,,,,,,,,,,,,,,,,,,
170,JH,170.0,,,,,,,,,,,,,,,,,,,,,,,,,,,,,,,,,,,
202,TE,202.0,,,,,,,,,,,,,,,,,,,,,,,,,,,,,,,,,,,
205,JP,205.0,205,ANGELINO J.,D,D,ROMA,,6.04,0.0,0.0,0.0,0.0,6.5,0.0,0.0,0.0,0.0,6,0.0,0.0,0.0,0.0,6.25,6.17,0.0,0.0,0.0,0.0,0.0,0.0,0.0,0.0,1.0,6.0,6.5,6.0
206,JK,206.0,206,ANGORI S.,D,D,PISA,,7.04,0.0,0.0,0.0,0.0,6.5,0.0,0.0,0.0,0.0,6,0.0,0.0,0.0,0.0,6.75,6.5,0.0,0.0,0.0,0.0,0.0,0.0,0.0,0.0,1.0,7.0,6.5,6.0
209,IÄ,209.0,,,,,,,,,,,,,,,,,,,,,,,,,,,,,,,,,,,
213,JP,213.0,213,BASCHIROTTO F.,D,D,CREMONESE,,8.04,1.0,0.0,0.0,0.0,8,1.0,0.0,0.0,0.0,8,1.0,0.0,0.0,0.0,8.0,8.0,0.0,0.0,0.0,0.0,0.0,0.0,0.0,0.0,1.0,11.0,11.0,11.0
214,IÄ,214.0,,,,,,,,,,,,,,,,,,,,,,,,,,,,,,,,,,,
215,JH,215.0,215,BELLANOVA R.,D,D,ATALANTA,,5.54,0.0,0.0,0.0,0.0,6,0.0,0.0,0.0,0.0,6,0.0,0.0,0.0,0.0,5.75,5.83,0.0,0.0,0.0,0.0,0.0,0.0,0.0,0.0,1.0,5.5,6.0,6.0
216,IÄ,216.0,,,,,,,,,,,,,,,,,,,,,,,,,,,,,,,,,,,
218,,,218,BIANCHETTI M.,D,D,CREMONESE,,6.53,0.0,0.0,0.0,0.0,7,0.0,0.0,0.0,0.0,7,0.0,0.0,0.0,0.0,6.75,6.83,0.0,0.0,0.0,0.0,0.0,0.0,0.0,0.0,1.0,6.5,7.0,7.0
219,MT,219.0,,,,,,,,,,,,,,,,,,,,,,,,,,,,,,,,,,,
223,PP,223.0,223,BREMER G.,D,D,JUVENTUS,,7.04,0.0,0.0,0.0,0.0,7,0.0,0.0,0.0,0.0,7,0.0,0.0,0.0,0.0,7.0,7.0,0.0,0.0,0.0,0.0,0.0,0.0,0.0,0.0,1.0,7.0,7.0,7.0
224,MT,224.0,,,,,,,,,,,,,,,,,,,,,,,,,,,,,,,,,,,
227,,,227,CALABRESI A.,D,D,PISA,,"s,v,",0.0,0.0,0.0,0.0,6,0.0,0.0,0.0,0.0,"s,v,",0.0,0.0,0.0,0.0,6.0,6.0,0.0,0.0,0.0,0.0,0.0,0.0,0.0,0.0,0.0,0.0,6.0,0.0
228,PP,228.0,228,CAMBIASO A.,D,D,JUVENTUS,,5.04,0.0,0.0,0.0,0.0,4,0.0,0.0,0.0,0.0,5,0.0,0.0,0.0,0.0,4.5,4.67,0.0,1.0,0.0,0.0,0.0,0.0,0.0,0.0,1.0,4.0,3.0,4.0
229,,,229,CANESTRELLI S.,D,D,PISA,,6.04,0.0,0.0,0.0,0.0,6.5,0.0,0.0,0.0,0.0,5.5,0.0,0.0,0.0,0.0,6.25,6.0,0.0,0.0,0.0,0.0,0.0,0.0,0.0,0.0,1.0,6.0,6.5,5.5
230,,,230,CARACCIOLO A.,D,D,PISA,,6.53,0.0,0.0,0.0,0.0,6.5,0.0,0.0,0.0,0.0,6,0.0,0.0,0.0,0.0,6.5,6.33,0.0,0.0,0.0,0.0,0.0,0.0,0.0,0.0,1.0,6.5,6.5,6.0
232,,,232,CASALE N.,D,D,BOLOGNA,,5.04,0.0,0.0,0.0,0.0,5,0.0,0.0,0.0,0.0,4.5,0.0,0.0,0.0,0.0,5.0,4.83,0.0,0.0,0.0,0.0,0.0,0.0,0.0,0.0,1.0,5.0,5.0,4.5
233,,,233,CECCHERINI F.,D,D,CREMONESE,,"s,v,",0.0,0.0,0.0,0.0,"s,v,",0.0,0.0,0.0,0.0,"s,v,",0.0,0.0,0.0,0.0,0.0,0.0,0.0,0.0,0.0,0.0,0.0,0.0,0.0,0.0,0.0,0.0,0.0,0.0
235,,,235,CIRCATI A.,D,D,PARMA,,4.53,0.0,0.0,0.0,0.0,5.5,0.0,0.0,0.0,0.0,5,0.0,0.0,0.0,0.0,5.0,5.0,0.0,0.0,0.0,0.0,0.0,0.0,0.0,0.0,1.0,4.5,5.5,5.0
238,PP,238.0,,,,,,,,,,,,,,,,,,,,,,,,,,,,,,,,,,,
240,VK,240.0,240,COMUZZO P.,D,D,FIORENTINA,,6.04,0.0,0.0,0.0,0.0,5.5,0.0,0.0,0.0,0.0,6,0.0,0.0,0.0,0.0,5.75,5.83,0.0,0.0,0.0,0.0,0.0,0.0,0.0,0.0,1.0,6.0,5.5,6.0
243,,,243,CUADRADO J.,D,D,PISA,15.0,6.04,0.0,0.0,0.0,0.0,6,0.0,0.0,0.0,0.0,5.5,0.0,0.0,0.0,0.0,6.0,5.83,0.0,0.0,0.0,0.0,0.0,0.0,0.0,0.0,0.0,6.0,6.0,5.5
245,JH,245.0,245,DE SILVESTRI L.,D,D,BOLOGNA,,5.04,0.0,0.0,0.0,0.0,6,0.0,0.0,0.0,0.0,5.5,0.0,0.0,0.0,0.0,5.5,5.5,0.0,0.0,0.0,0.0,0.0,0.0,0.0,0.0,1.0,5.0,6.0,5.5
247,JP,247.0,,,,,,,,,,,,,,,,,,,,,,,,,,,,,,,,,,,
248,JK,248.0,248,DEL PRATO E.,D,D,PARMA,,5.53,0.0,0.0,0.0,0.0,6,0.0,0.0,0.0,0.0,5.5,0.0,0.0,0.0,0.0,5.75,5.67,0.0,0.0,0.0,0.0,0.0,0.0,0.0,0.0,1.0,5.5,6.0,5.5
250,MT,250.0,250,DI LORENZO G.,D,D,NAPOLI,,6.53,0.0,0.0,0.0,0.0,6,0.0,0.0,0.0,0.0,6,0.0,0.0,0.0,0.0,6.25,6.17,0.0,0.0,0.0,0.0,0.0,0.0,0.0,0.0,1.0,6.5,6.0,6.0
251,JK,251.0,,,,,,,,,,,,,,,,,,,,,,,,,,,,,,,,,,,
253,,,253,DJIMSITI B.,D,D,ATALANTA,,5.54,0.0,0.0,0.0,0.0,5.5,0.0,0.0,0.0,0.0,6,0.0,0.0,0.0,0.0,5.5,5.67,0.0,0.0,0.0,0.0,0.0,0.0,0.0,0.0,1.0,5.5,5.5,6.0
254,,,254,DOIG J.,D,D,SASSUOLO,,6.04,0.0,0.0,0.0,0.0,5.5,0.0,0.0,0.0,0.0,6.5,0.0,0.0,0.0,0.0,5.75,6.0,0.0,0.0,0.0,0.0,0.0,0.0,0.0,0.0,1.0,6.0,5.5,6.5
256,TE,256.0,,,,,,,,,,,,,,,,,,,,,,,,,,,,,,,,,,,
266,IÄ,266.0,266,GABBIA M.,D,D,MILAN,,5.53,0.0,0.0,0.0,0.0,5.5,0.0,0.0,0.0,0.0,6,0.0,0.0,0.0,0.0,5.5,5.67,0.0,0.0,0.0,0.0,0.0,0.0,0.0,0.0,1.0,5.5,5.5,6.0
267,,,267,GABRIEL T.,D,D,LECCE,,6.53,0.0,0.0,0.0,0.0,6.5,0.0,0.0,0.0,0.0,6.5,0.0,0.0,0.0,0.0,6.5,6.5,0.0,0.0,0.0,0.0,0.0,0.0,0.0,0.0,1.0,6.5,6.5,6.5
268,TE,268.0,268,GALLO A.,D,D,LECCE,,6.04,0.0,0.0,0.0,0.0,6,0.0,0.0,0.0,0.0,6,0.0,0.0,0.0,0.0,6.0,6.0,0.0,0.0,0.0,0.0,0.0,0.0,0.0,0.0,1.0,6.0,6.0,6.0
269,,,269,GASPAR K.,D,D,LECCE,,6.04,0.0,0.0,0.0,0.0,6.5,0.0,0.0,0.0,0.0,6.5,0.0,0.0,0.0,0.0,6.25,6.33,0.0,0.0,0.0,0.0,0.0,0.0,0.0,0.0,1.0,6.0,6.5,6.5
270,IÄ,270.0,270,GATTI F.,D,D,JUVENTUS,,6.04,0.0,0.0,0.0,0.0,6,0.0,0.0,0.0,0.0,6,0.0,0.0,0.0,0.0,6.0,6.0,1.0,0.0,0.0,0.0,0.0,0.0,0.0,0.0,1.0,5.5,5.5,5.5
271,MT,271.0,,,,,,,,,,,,,,,,,,,,,,,,,,,,,,,,,,,
274,,,274,GILA M.,D,D,LAZIO,,5.04,0.0,0.0,0.0,0.0,5,0.0,0.0,0.0,0.0,5,0.0,0.0,0.0,0.0,5.0,5.0,0.0,0.0,0.0,0.0,0.0,0.0,0.0,0.0,1.0,5.0,5.0,5.0
278,VK,278.0,278,GOSENS Robin,D,D,FIORENTINA,,6.04,0.0,0.0,0.0,0.0,6.5,0.0,0.0,0.0,0.0,5.5,0.0,0.0,0.0,0.0,6.25,6.0,0.0,0.0,0.0,0.0,0.0,0.0,0.0,0.0,1.0,6.0,6.5,5.5
281,,,281,HERMOSO M.,D,D,ROMA,,6.53,0.0,0.0,0.0,0.0,6.5,0.0,0.0,0.0,0.0,6,0.0,0.0,0.0,0.0,6.5,6.33,0.0,0.0,0.0,0.0,0.0,0.0,0.0,0.0,1.0,6.5,6.5,6.0
282,JP,282.0,282,HIEN I.,D,D,ATALANTA,,5.01,0.0,0.0,1.0,0.0,5.5,0.0,0.0,1.0,0.0,6,0.0,0.0,1.0,0.0,5.25,5.5,0.0,0.0,0.0,0.0,0.0,0.0,0.0,0.0,1.0,3.0,5.5,4.0
285,,,285,IDRISSI R.,D,D,CAGLIARI,15.0,6.04,0.0,0.0,0.0,0.0,6,0.0,0.0,0.0,0.0,"s,v,",0.0,0.0,0.0,0.0,6.0,6.0,0.0,0.0,0.0,0.0,0.0,0.0,0.0,0.0,0.0,6.0,6.0,0.0
290,,,290,JESUS J.,D,D,NAPOLI,,6.04,0.0,0.0,0.0,0.0,6,0.0,0.0,0.0,0.0,5.5,0.0,0.0,0.0,0.0,6.0,5.83,0.0,0.0,0.0,0.0,0.0,0.0,0.0,0.0,1.0,6.0,6.0,5.5
291,IÄ,291.0,291,JIMENEZ A.,D,D,MILAN,15.0,5.53,0.0,0.0,0.0,0.0,5.5,0.0,0.0,0.0,0.0,5.5,0.0,0.0,0.0,0.0,5.5,5.5,1.0,0.0,0.0,0.0,0.0,0.0,0.0,0.0,0.0,5.0,5.0,5.0
293,JP,293.0,293,KALULU P.,D,D,JUVENTUS,,6.04,0.0,0.0,0.0,0.0,6,0.0,0.0,0.0,0.0,6,0.0,0.0,0.0,0.0,6.0,6.0,0.0,0.0,0.0,0.0,0.0,0.0,0.0,0.0,1.0,6.0,6.0,6.0
295,,,295,KELLY L.,D,D,JUVENTUS,,6.04,0.0,0.0,0.0,0.0,6.5,0.0,0.0,0.0,0.0,6.5,0.0,0.0,0.0,0.0,6.25,6.33,0.0,0.0,0.0,0.0,0.0,0.0,0.0,0.0,1.0,6.0,6.5,6.5
296,JH,296.0,296,KEMPF M.,D,D,COMO,,6.53,0.0,0.0,0.0,0.0,7,0.0,0.0,0.0,0.0,7,0.0,0.0,0.0,0.0,6.75,6.83,0.0,0.0,0.0,0.0,0.0,0.0,0.0,0.0,1.0,6.5,7.0,7.0
298,PP,298.0,298,KOSSOUNOU O.,D,D,ATALANTA,,"s,v,",0.0,0.0,0.0,0.0,"s,v,",0.0,0.0,0.0,0.0,"s,v,",0.0,0.0,0.0,0.0,0.0,0.0,0.0,0.0,0.0,0.0,0.0,0.0,0.0,0.0,0.0,0.0,0.0,0.0
299,,,299,KOUASSI T.,D,D,LECCE,15.0,6.04,0.0,0.0,0.0,0.0,6,0.0,0.0,0.0,0.0,6,0.0,0.0,0.0,0.0,6.0,6.0,0.0,0.0,0.0,0.0,0.0,0.0,0.0,0.0,0.0,6.0,6.0,6.0
305,,,305,LAZZARI M.,D,D,LAZIO,,4.53,0.0,0.0,0.0,0.0,4.5,0.0,0.0,0.0,0.0,4.5,0.0,0.0,0.0,0.0,4.5,4.5,0.0,0.0,0.0,0.0,0.0,0.0,0.0,0.0,1.0,4.5,4.5,4.5
307,,,307,LOVIK M.,D,D,PARMA,,5.53,0.0,0.0,0.0,0.0,5,0.0,0.0,0.0,0.0,6,0.0,0.0,0.0,0.0,5.25,5.5,0.0,0.0,0.0,0.0,0.0,0.0,0.0,0.0,1.0,5.5,5.0,6.0
309,,,309,LUCUMI J.,D,D,BOLOGNA,,4.04,0.0,0.0,0.0,0.0,5,0.0,0.0,0.0,0.0,4,0.0,0.0,0.0,0.0,4.5,4.33,0.0,0.0,0.0,0.0,0.0,0.0,0.0,0.0,1.0,4.0,5.0,4.0
310,TE,310.0,,,,,,,,,,,,,,,,,,,,,,,,,,,,,,,,,,,
311,JH,311.0,311,LUPERTO S.,D,D,CAGLIARI,,7.04,1.0,0.0,0.0,0.0,7.5,1.0,0.0,0.0,0.0,7,1.0,0.0,0.0,0.0,7.25,7.17,0.0,0.0,0.0,1.0,0.0,0.0,0.0,0.0,1.0,10.0,10.5,10.0
313,,,313,LYKOGIANNIS C.,D,D,BOLOGNA,,5.04,0.0,0.0,0.0,0.0,5,0.0,0.0,0.0,0.0,6,0.0,0.0,0.0,0.0,5.0,5.33,0.0,0.0,0.0,0.0,0.0,0.0,0.0,0.0,1.0,5.0,5.0,6.0
314,,,314,MANCINI G.,D,D,ROMA,,6.04,0.0,0.0,0.0,0.0,7,0.0,0.0,0.0,0.0,6,0.0,0.0,0.0,0.0,6.5,6.33,1.0,0.0,0.0,0.0,0.0,0.0,0.0,0.0,1.0,5.5,6.5,5.5
315,,,315,MARCANDALLI A.,D,D,GENOA,,6.04,0.0,0.0,0.0,0.0,6.5,0.0,0.0,0.0,0.0,6.5,0.0,0.0,0.0,0.0,6.25,6.33,0.0,0.0,0.0,0.0,0.0,0.0,0.0,0.0,1.0,6.0,6.5,6.5
316,,,316,MARI P.,D,D,FIORENTINA,15.0,5.04,0.0,0.0,0.0,0.0,4.5,0.0,0.0,0.0,0.0,5.5,0.0,0.0,0.0,0.0,4.75,5.0,1.0,0.0,0.0,0.0,0.0,0.0,0.0,0.0,0.0,4.5,4.0,5.0
317,JK,317.0,,,,,,,,,,,,,,,,,,,,,,,,,,,,,,,,,,,
318,JP,318.0,,,,,,,,,,,,,,,,,,,,,,,,,,,,,,,,,,,
319,,,319,MARTIN A.,D,D,GENOA,,6.04,0.0,0.0,0.0,0.0,6,0.0,0.0,0.0,0.0,6.5,0.0,0.0,0.0,0.0,6.0,6.17,1.0,0.0,0.0,0.0,0.0,0.0,0.0,0.0,1.0,5.5,5.5,6.0
320,,,320,MARUSIC A.,D,D,LAZIO,15.0,5.04,0.0,0.0,0.0,0.0,5,0.0,0.0,0.0,0.0,5,0.0,0.0,0.0,0.0,5.0,5.0,0.0,0.0,0.0,0.0,0.0,0.0,0.0,0.0,0.0,5.0,5.0,5.0
321,JH,321.0,,,,,,,,,,,,,,,,,,,,,,,,,,,,,,,,,,,
324,VK,324.0,324,MINA Y.,D,D,CAGLIARI,,6.04,0.0,0.0,0.0,0.0,6,0.0,0.0,0.0,0.0,5.5,0.0,0.0,0.0,0.0,6.0,5.83,0.0,0.0,0.0,0.0,0.0,0.0,0.0,0.0,1.0,6.0,6.0,5.5
331,PP,331.0,331,MUHAREMOVIC T.,D,D,SASSUOLO,,5.53,0.0,0.0,0.0,0.0,5,0.0,0.0,0.0,0.0,5,0.0,0.0,0.0,0.0,5.25,5.17,0.0,0.0,0.0,0.0,0.0,0.0,0.0,0.0,1.0,5.5,5.0,5.0
332,TE,332.0,332,NDICKA E.,D,D,ROMA,,6.53,0.0,0.0,0.0,0.0,7,0.0,0.0,0.0,0.0,6.5,0.0,0.0,0.0,0.0,6.75,6.67,0.0,0.0,0.0,0.0,0.0,0.0,0.0,0.0,1.0,6.5,7.0,6.5
333,TE,333.0,333,NORTON-CUFFY B.,D,D,GENOA,,6.04,0.0,0.0,0.0,0.0,6,0.0,0.0,0.0,0.0,5.5,0.0,0.0,0.0,0.0,6.0,5.83,0.0,0.0,0.0,0.0,0.0,0.0,0.0,0.0,1.0,6.0,6.0,5.5
334,TE,334.0,334,NUNO TAVARES,D,D,LAZIO,,5.04,0.0,0.0,0.0,0.0,4.5,0.0,0.0,0.0,0.0,5,0.0,0.0,0.0,0.0,4.75,4.83,0.0,0.0,0.0,0.0,0.0,0.0,0.0,0.0,1.0,5.0,4.5,5.0
335,IÄ,335.0,335,OBERT A.,D,D,CAGLIARI,,5.53,0.0,0.0,0.0,0.0,6.5,0.0,0.0,0.0,0.0,5.5,0.0,0.0,0.0,0.0,6.0,5.83,1.0,0.0,0.0,0.0,0.0,0.0,0.0,0.0,1.0,5.0,6.0,5.0
337,,,337,OLIVERA M.,D,D,NAPOLI,,6.04,0.0,0.0,0.0,0.0,6.5,0.0,0.0,0.0,0.0,6,0.0,0.0,0.0,0.0,6.25,6.17,0.0,0.0,0.0,0.0,0.0,0.0,0.0,0.0,1.0,6.0,6.5,6.0
340,MT,340.0,,,,,,,,,,,,,,,,,,,,,,,,,,,,,,,,,,,
341,,,341,PARISI F.,D,D,FIORENTINA,,6.04,0.0,0.0,0.0,0.0,5.5,0.0,0.0,0.0,0.0,5.5,0.0,0.0,0.0,0.0,5.75,5.67,0.0,0.0,0.0,0.0,0.0,0.0,0.0,0.0,0.0,6.0,5.5,5.5
345,PP,345.0,345,PAVLOVIC S.,D,D,MILAN,,6.04,1.0,0.0,0.0,0.0,5.5,1.0,0.0,0.0,0.0,5.5,1.0,0.0,0.0,0.0,5.75,5.67,0.0,0.0,0.0,0.0,0.0,0.0,0.0,0.0,1.0,9.0,8.5,8.5
349,,,349,PELLEGRINI Lu.,D,D,LAZIO,15.0,5.04,0.0,0.0,0.0,0.0,5,0.0,0.0,0.0,0.0,"s,v,",0.0,0.0,0.0,0.0,5.0,5.0,0.0,0.0,0.0,0.0,0.0,0.0,0.0,0.0,0.0,5.0,5.0,0.0
352,,,352,PONGRACIC M.,D,D,FIORENTINA,,6.04,0.0,0.0,0.0,0.0,5.5,0.0,0.0,0.0,0.0,5.5,0.0,0.0,0.0,0.0,5.75,5.67,1.0,0.0,0.0,0.0,0.0,0.0,0.0,0.0,1.0,5.5,5.0,5.0
354,,,354,PROVSTGAARD O.,D,D,LAZIO,,5.53,0.0,0.0,0.0,0.0,5.5,0.0,0.0,0.0,0.0,5.5,0.0,0.0,0.0,0.0,5.5,5.5,0.0,0.0,0.0,0.0,0.0,0.0,0.0,0.0,1.0,5.5,5.5,5.5
356,JK,356.0,356,RANIERI L.,D,D,FIORENTINA,,5.53,0.0,0.0,0.0,0.0,6,0.0,0.0,0.0,0.0,6,0.0,0.0,0.0,0.0,5.75,5.83,0.0,0.0,0.0,0.0,0.0,0.0,0.0,0.0,1.0,5.5,6.0,6.0
359,JP,359.0,359,RENSCH D.,D,D,ROMA,,"s,v,",0.0,0.0,0.0,0.0,"s,v,",0.0,0.0,0.0,0.0,"s,v,",0.0,0.0,0.0,0.0,0.0,0.0,0.0,0.0,0.0,0.0,0.0,0.0,0.0,0.0,0.0,0.0,0.0,0.0
360,,,360,ROBERTO S.,D,D,COMO,,6.53,0.0,0.0,0.0,0.0,"s,v,",0.0,0.0,0.0,0.0,"s,v,",0.0,0.0,0.0,0.0,6.5,6.5,0.0,0.0,0.0,0.0,0.0,0.0,0.0,0.0,0.0,6.5,0.0,0.0
362,,,362,ROMAGNA F.,D,D,SASSUOLO,,6.04,0.0,0.0,0.0,0.0,5.5,0.0,0.0,0.0,0.0,6,0.0,0.0,0.0,0.0,5.75,5.83,0.0,0.0,0.0,0.0,0.0,0.0,0.0,0.0,1.0,6.0,5.5,6.0
363,TE,363.0,,,,,,,,,,,,,,,,,,,,,,,,,,,,,,,,,,,
364,TE,364.0,,,,,,,,,,,,,,,,,,,,,,,,,,,,,,,,,,,
365,VK,365.0,365,RRAHMANI A.,D,D,NAPOLI,,6.53,0.0,0.0,0.0,0.0,7,0.0,0.0,0.0,0.0,6.5,0.0,0.0,0.0,0.0,6.75,6.67,0.0,0.0,0.0,0.0,0.0,0.0,0.0,0.0,1.0,6.5,7.0,6.5
372,PP,372.0,,,,,,,,,,,,,,,,,,,,,,,,,,,,,,,,,,,
374,MT,374.0,374,SCALVINI G.,D,D,ATALANTA,,6.02,0.0,0.0,0.0,0.0,6,0.0,0.0,0.0,0.0,6,0.0,0.0,0.0,0.0,6.0,6.0,0.0,0.0,0.0,0.0,0.0,0.0,0.0,0.0,1.0,6.0,6.0,6.0
379,,,379,SMOLCIC I.,D,D,COMO,15.0,6.04,0.0,0.0,0.0,0.0,6,0.0,0.0,0.0,0.0,"s,v,",0.0,0.0,0.0,0.0,6.0,6.0,0.0,0.0,0.0,0.0,0.0,0.0,0.0,0.0,0.0,6.0,6.0,0.0
381,JK,381.0,381,SPINAZZOLA L.,D,D,NAPOLI,,"s,v,",0.0,0.0,0.0,0.0,"s,v,",0.0,0.0,0.0,0.0,"s,v,",0.0,0.0,0.0,0.0,0.0,0.0,0.0,0.0,0.0,0.0,0.0,0.0,0.0,0.0,0.0,0.0,0.0,0.0
385,JK,385.0,385,TERRACCIANO F.,D,D,CREMONESE,,6.53,0.0,0.0,0.0,0.0,6,0.0,0.0,0.0,0.0,7,0.0,0.0,0.0,0.0,6.25,6.5,1.0,0.0,0.0,0.0,0.0,0.0,0.0,0.0,1.0,6.0,5.5,6.5
387,TE,387.0,387,TOMORI F.,D,D,MILAN,,5.04,0.0,0.0,0.0,0.0,5.5,0.0,0.0,0.0,0.0,5.5,0.0,0.0,0.0,0.0,5.25,5.33,0.0,0.0,0.0,0.0,0.0,0.0,0.0,0.0,1.0,5.0,5.5,5.5
391,TE,391.0,391,VALENTI L.,D,D,PARMA,,6.04,0.0,0.0,0.0,0.0,5,0.0,0.0,0.0,0.0,6,0.0,0.0,0.0,0.0,5.5,5.67,0.0,0.0,0.0,0.0,0.0,0.0,0.0,0.0,1.0,6.0,5.0,6.0
393,,,393,VALERI E.,D,D,PARMA,,5.04,0.0,0.0,0.0,0.0,6,0.0,0.0,0.0,0.0,5.5,0.0,0.0,0.0,0.0,5.5,5.5,0.0,0.0,0.0,0.0,0.0,0.0,0.0,0.0,1.0,5.0,6.0,5.5
394,JP,394.0,394,VALLE A.,D,D,COMO,,7.04,0.0,0.0,0.0,0.0,7.5,0.0,0.0,0.0,0.0,6,0.0,0.0,0.0,0.0,7.25,6.83,0.0,0.0,0.0,0.0,0.0,0.0,0.0,0.0,1.0,7.0,7.5,6.0
395,PP,395.0,395,VAN DER BREMPT I.,D,D,COMO,,6.53,0.0,0.0,0.0,0.0,7,0.0,0.0,0.0,0.0,6.5,0.0,0.0,0.0,0.0,6.75,6.67,1.0,0.0,0.0,0.0,0.0,0.0,0.0,0.0,1.0,6.0,6.5,6.0
396,JH,396.0,396,VASQUEZ J.,D,D,GENOA,,6.04,0.0,0.0,0.0,0.0,6,0.0,0.0,0.0,0.0,6,0.0,0.0,0.0,0.0,6.0,6.0,0.0,0.0,0.0,0.0,0.0,0.0,0.0,0.0,1.0,6.0,6.0,6.0
397,,,397,VEIGA D.,D,D,LECCE,,6.04,0.0,0.0,0.0,0.0,6,0.0,0.0,0.0,0.0,6,0.0,0.0,0.0,0.0,6.0,6.0,1.0,0.0,0.0,0.0,0.0,0.0,0.0,0.0,1.0,5.5,5.5,5.5
399,MT,399.0,399,VITI M.,D,D,FIORENTINA,15.0,5.53,0.0,0.0,0.0,0.0,6,0.0,0.0,0.0,0.0,6,0.0,0.0,0.0,0.0,5.75,5.83,0.0,0.0,0.0,0.0,0.0,0.0,0.0,0.0,0.0,5.5,6.0,6.0
400,VK,400.0,400,VITIK M.,D,D,BOLOGNA,15.0,5.53,0.0,0.0,0.0,0.0,5.5,0.0,0.0,0.0,0.0,6.5,0.0,0.0,0.0,0.0,5.5,5.83,0.0,0.0,0.0,0.0,0.0,0.0,0.0,0.0,0.0,5.5,5.5,6.5
401,MT,401.0,,,,,,,,,,,,,,,,,,,,,,,,,,,,,,,,,,,
402,IÄ,402.0,402,VOJVODA M.,D,D,COMO,,7.53,0.0,0.0,0.0,0.0,7.5,0.0,0.0,0.0,0.0,6.5,0.0,0.0,0.0,0.0,7.5,7.17,0.0,0.0,0.0,0.0,0.0,0.0,0.0,0.0,1.0,7.5,7.5,6.5
403,,,403,WALUKIEWICZ S.,D,D,SASSUOLO,,5.53,0.0,0.0,0.0,0.0,5,0.0,0.0,0.0,0.0,6,0.0,0.0,0.0,0.0,5.25,5.5,0.0,0.0,0.0,0.0,0.0,0.0,0.0,0.0,1.0,5.5,5.0,6.0
406,JK,406.0,,,,,,,,,,,,,,,,,,,,,,,,,,,,,,,,,,,
407,MT,407.0,407,ZAPPA G.,D,D,CAGLIARI,,6.04,0.0,0.0,0.0,0.0,6.5,0.0,0.0,0.0,0.0,6,0.0,0.0,0.0,0.0,6.25,6.17,0.0,0.0,0.0,0.0,0.0,0.0,0.0,0.0,1.0,6.0,6.5,6.0
408,JK,408.0,,,,,,,,,,,,,,,,,,,,,,,,,,,,,,,,,,,
410,JK,410.0,410,ZORTEA N.,D,D,BOLOGNA,15.0,5.53,0.0,0.0,0.0,0.0,5.5,0.0,0.0,0.0,0.0,"s,v,",0.0,0.0,0.0,0.0,5.5,5.5,0.0,0.0,0.0,0.0,0.0,0.0,0.0,0.0,0.0,5.5,5.5,0.0
411,JP,411.0,411,DODO,D,D,FIORENTINA,,6.53,0.0,0.0,0.0,0.0,5.5,0.0,0.0,0.0,0.0,6.5,0.0,0.0,0.0,0.0,6.0,6.17,0.0,0.0,0.0,0.0,0.0,0.0,0.0,0.0,1.0,6.5,5.5,6.5
413,,,413,DENOON D.,D,D,PISA,,5.04,0.0,0.0,0.0,0.0,6,0.0,0.0,0.0,0.0,6,0.0,0.0,0.0,0.0,5.5,5.67,0.0,0.0,0.0,0.0,0.0,0.0,0.0,0.0,1.0,5.0,6.0,6.0
414,VK,414.0,,,,,,,,,,,,,,,,,,,,,,,,,,,,,,,,,,,
416,JP,416.0,416,ESTUPINAN P.,D,D,MILAN,,6.04,0.0,0.0,0.0,1.0,5.5,0.0,0.0,0.0,1.0,5.5,0.0,0.0,0.0,1.0,5.75,5.67,0.0,0.0,0.0,0.0,0.0,0.0,0.0,0.0,1.0,7.0,5.5,6.5
418,,,418,MARIO J.,D,D,JUVENTUS,15.0,6.53,0.0,0.0,0.0,0.0,6.5,0.0,0.0,0.0,0.0,6,0.0,0.0,0.0,0.0,6.5,6.33,0.0,0.0,0.0,0.0,0.0,0.0,0.0,0.0,0.0,6.5,6.5,6.0
420,MT,420.0,,,,,,,,,,,,,,,,,,,,,,,,,,,,,,,,,,,
422,JH,422.0,422,PEZZELLA GI.,D,D,CREMONESE,,7.04,0.0,0.0,0.0,1.0,6.5,0.0,0.0,0.0,1.0,6.5,0.0,0.0,0.0,1.0,6.75,6.67,0.0,0.0,0.0,0.0,0.0,0.0,0.0,0.0,1.0,8.0,6.5,7.5
423,VK,423.0,423,RAMON J.,D,D,COMO,,7.04,0.0,0.0,0.0,0.0,7.5,0.0,0.0,0.0,0.0,6.5,0.0,0.0,0.0,0.0,7.25,7.0,0.0,0.0,0.0,0.0,0.0,0.0,0.0,0.0,1.0,7.0,7.5,6.5
424,PP,424.0,424,WESLEY,D,D,ROMA,,7.04,1.0,0.0,0.0,0.0,7.5,1.0,0.0,0.0,0.0,7,1.0,0.0,0.0,0.0,7.25,7.17,0.0,0.0,1.0,0.0,0.0,0.0,0.0,0.0,1.0,10.0,10.5,10.0
429,VK,429.0,,,,,,,,,,,,,,,,,,,,,,,,,,,,,,,,,,,
432,,,432,CANDE F.,D,D,SASSUOLO,,"s,v,",0.0,0.0,0.0,0.0,"s,v,",0.0,0.0,0.0,0.0,"s,v,",0.0,0.0,0.0,0.0,0.0,0.0,0.0,0.0,0.0,0.0,0.0,0.0,0.0,0.0,0.0,0.0,0.0,0.0
433,IÄ,433.0,,,,,,,,,,,,,,,,,,,,,,,,,,,,,,,,,,,
438,IÄ,438.0,,,,,,,,,,,,,,,,,,,,,,,,,,,,,,,,,,,
502,,,502,ADOPO M.,C,C,CAGLIARI,,6.04,0.0,0.0,0.0,0.0,6.5,0.0,0.0,0.0,0.0,6.5,0.0,0.0,0.0,0.0,6.25,6.33,0.0,0.0,0.0,0.0,0.0,0.0,0.0,0.0,1.0,6.0,6.5,6.5
504,,,504,AEBISCHER M.,C,C,PISA,,5.53,0.0,0.0,0.0,0.0,6.5,0.0,0.0,0.0,0.0,6.5,0.0,0.0,0.0,0.0,6.0,6.17,0.0,0.0,0.0,0.0,0.0,0.0,0.0,0.0,1.0,5.5,6.5,6.5
507,JP,507.0,507,ANGUISSA A.,C,C,NAPOLI,,6.53,0.0,0.0,0.0,0.0,6.5,0.0,0.0,0.0,0.0,6.5,0.0,0.0,0.0,0.0,6.5,6.5,0.0,0.0,0.0,0.0,0.0,0.0,0.0,0.0,1.0,6.5,6.5,6.5
508,TE,508.0,,,,,,,,,,,,,,,,,,,,,,,,,,,,,,,,,,,
511,JH,511.0,,,,,,,,,,,,,,,,,,,,,,,,,,,,,,,,,,,
516,JH,516.0,,,,,,,,,,,,,,,,,,,,,,,,,,,,,,,,,,,
518,PP,518.0,,,,,,,,,,,,,,,,,,,,,,,,,,,,,,,,,,,
519,IÄ,519.0,,,,,,,,,,,,,,,,,,,,,,,,,,,,,,,,,,,
522,,,522,BERISHA M.,C,C,LECCE,,5.53,0.0,0.0,0.0,0.0,5.5,0.0,0.0,0.0,0.0,6,0.0,0.0,0.0,0.0,5.5,5.67,0.0,0.0,0.0,0.0,0.0,0.0,0.0,0.0,1.0,5.5,5.5,6.0
523,PP,523.0,523,BERNABE A.,C,C,PARMA,,6.04,0.0,0.0,0.0,0.0,6,0.0,0.0,0.0,0.0,6,0.0,0.0,0.0,0.0,6.0,6.0,0.0,0.0,0.0,0.0,0.0,0.0,0.0,0.0,1.0,6.0,6.0,6.0
527,,,527,BOLOCA D.,C,C,SASSUOLO,,5.53,0.0,0.0,0.0,0.0,5,0.0,0.0,0.0,0.0,6,0.0,0.0,0.0,0.0,5.25,5.5,0.0,0.0,0.0,0.0,0.0,0.0,0.0,0.0,1.0,5.5,5.0,6.0
528,JP,528.0,528,BONDO W.,C,C,CREMONESE,15.0,6.04,0.0,0.0,0.0,0.0,6,0.0,0.0,0.0,0.0,6,0.0,0.0,0.0,0.0,6.0,6.0,1.0,0.0,0.0,0.0,0.0,0.0,0.0,0.0,0.0,5.5,5.5,5.5
535,IÄ,535.0,,,,,,,,,,,,,,,,,,,,,,,,,,,,,,,,,,,
537,VK,537.0,537,CAQUERET M.,C,C,COMO,,6.53,0.0,0.0,0.0,0.0,"s,v,",0.0,0.0,0.0,0.0,"s,v,",0.0,0.0,0.0,0.0,6.5,6.5,0.0,0.0,0.0,0.0,0.0,0.0,0.0,0.0,0.0,6.5,0.0,0.0
538,JK,538.0,538,CARBONI V.,C,C,GENOA,,6.04,0.0,0.0,0.0,0.0,6,0.0,0.0,0.0,0.0,6,0.0,0.0,0.0,0.0,6.0,6.0,0.0,0.0,0.0,0.0,0.0,0.0,0.0,0.0,1.0,6.0,6.0,6.0
539,VK,539.0,,,,,,,,,,,,,,,,,,,,,,,,,,,,,,,,,,,
542,,,542,CATALDI D.,C,C,LAZIO,,4.53,0.0,0.0,0.0,0.0,4.5,0.0,0.0,0.0,0.0,5,0.0,0.0,0.0,0.0,4.5,4.67,0.0,0.0,0.0,0.0,0.0,0.0,0.0,0.0,1.0,4.5,4.5,5.0
545,JH,545.0,545,CHUKWUEZE S.,C,C,MILAN,15.0,5.53,0.0,0.0,0.0,0.0,5.5,0.0,0.0,0.0,0.0,5.5,0.0,0.0,0.0,0.0,5.5,5.5,0.0,0.0,0.0,0.0,0.0,0.0,0.0,0.0,0.0,5.5,5.5,5.5
546,JK,546.0,546,COLLOCOLO M.,C,C,CREMONESE,,6.53,0.0,0.0,0.0,0.0,7,0.0,0.0,0.0,0.0,6.5,0.0,0.0,0.0,0.0,6.75,6.67,0.0,0.0,0.0,0.0,0.0,0.0,0.0,0.0,1.0,6.5,7.0,6.5
548,,,548,COULIBALY L.,C,C,LECCE,,6.04,0.0,0.0,0.0,0.0,6,0.0,0.0,0.0,0.0,6,0.0,0.0,0.0,0.0,6.0,6.0,0.0,0.0,0.0,0.0,0.0,0.0,0.0,0.0,1.0,6.0,6.0,6.0
549,TE,549.0,549,CRISTANTE B.,C,C,ROMA,,6.53,0.0,0.0,0.0,0.0,7,0.0,0.0,0.0,0.0,6.5,0.0,0.0,0.0,0.0,6.75,6.67,0.0,0.0,0.0,0.0,0.0,0.0,0.0,0.0,1.0,6.5,7.0,6.5
551,IÄ,551.0,551,DA CUNHA L.,C,C,COMO,,7.04,0.0,0.0,0.0,0.0,7.5,0.0,0.0,0.0,0.0,6,0.0,0.0,0.0,0.0,7.25,6.83,0.0,0.0,0.0,0.0,0.0,0.0,0.0,0.0,1.0,7.0,7.5,6.0
553,TE,553.0,553,DE BRUYNE K.,C,C,NAPOLI,,7.04,1.0,0.0,0.0,0.0,7,1.0,0.0,0.0,0.0,7,1.0,0.0,0.0,0.0,7.0,7.0,0.0,0.0,0.0,0.0,0.0,0.0,0.0,0.0,1.0,10.0,10.0,10.0
554,,,554,DE ROON M.,C,C,ATALANTA,,6.02,0.0,0.0,0.0,0.0,6.5,0.0,0.0,0.0,0.0,6,0.0,0.0,0.0,0.0,6.25,6.17,0.0,0.0,0.0,0.0,0.0,0.0,0.0,0.0,1.0,6.0,6.5,6.0
555,,,555,DEIOLA A.,C,C,CAGLIARI,,6.04,0.0,0.0,0.0,0.0,6,0.0,0.0,0.0,0.0,6,0.0,0.0,0.0,0.0,6.0,6.0,0.0,0.0,0.0,0.0,0.0,0.0,0.0,0.0,1.0,6.0,6.0,6.0
556,,,556,DELE-BASHIRU F.,C,C,LAZIO,,4.53,0.0,0.0,0.0,0.0,4,0.0,0.0,0.0,0.0,4.5,0.0,0.0,0.0,0.0,4.25,4.33,0.0,0.0,0.0,0.0,0.0,0.0,0.0,0.0,1.0,4.5,4.0,4.5
559,IÄ,559.0,559,EDERSON,C,C,ATALANTA,15.0,6.02,0.0,0.0,0.0,0.0,6,0.0,0.0,0.0,0.0,6,0.0,0.0,0.0,0.0,6.0,6.0,0.0,0.0,0.0,0.0,0.0,0.0,0.0,0.0,0.0,6.0,6.0,6.0
562,,,562,EL SHAARAWY S.,C,C,ROMA,,6.04,0.0,0.0,0.0,0.0,6,0.0,0.0,0.0,0.0,6,0.0,0.0,0.0,0.0,6.0,6.0,0.0,0.0,0.0,0.0,0.0,0.0,0.0,0.0,1.0,6.0,6.0,6.0
563,,,563,ELLERTSSON M.,C,C,GENOA,15.0,6.04,0.0,0.0,0.0,0.0,"s,v,",0.0,0.0,0.0,0.0,6,0.0,0.0,0.0,0.0,6.0,6.0,0.0,0.0,0.0,0.0,0.0,0.0,0.0,0.0,0.0,6.0,0.0,6.0
565,,,565,ESTEVEZ N.,C,C,PARMA,,"s,v,",0.0,0.0,0.0,0.0,"s,v,",0.0,0.0,0.0,0.0,"s,v,",0.0,0.0,0.0,0.0,0.0,0.0,0.0,0.0,0.0,0.0,0.0,0.0,0.0,0.0,0.0,0.0,0.0,0.0
566,PP,566.0,566,FABBIAN G.,C,C,BOLOGNA,15.0,5.53,0.0,0.0,0.0,0.0,6,0.0,0.0,0.0,0.0,"s,v,",0.0,0.0,0.0,0.0,5.75,5.75,0.0,0.0,0.0,0.0,0.0,0.0,0.0,0.0,0.0,5.5,6.0,0.0
567,,,567,FADERA A.,C,C,SASSUOLO,15.0,6.04,0.0,0.0,0.0,0.0,6,0.0,0.0,0.0,0.0,6,0.0,0.0,0.0,0.0,6.0,6.0,0.0,0.0,0.0,0.0,0.0,0.0,0.0,0.0,0.0,6.0,6.0,6.0
568,JK,568.0,568,FAGIOLI N.,C,C,FIORENTINA,,6.04,0.0,0.0,0.0,0.0,6,0.0,0.0,0.0,0.0,6,0.0,0.0,0.0,0.0,6.0,6.0,0.0,0.0,0.0,0.0,0.0,0.0,0.0,0.0,1.0,6.0,6.0,6.0
571,JH,571.0,571,FAZZINI J.,C,C,FIORENTINA,15.0,6.04,0.0,0.0,0.0,0.0,6,0.0,0.0,0.0,0.0,6,0.0,0.0,0.0,0.0,6.0,6.0,0.0,0.0,0.0,0.0,0.0,0.0,0.0,0.0,0.0,6.0,6.0,6.0
572,MT,572.0,,,,,,,,,,,,,,,,,,,,,,,,,,,,,,,,,,,
573,TE,573.0,573,FOFANA Y.,C,C,MILAN,,5.04,0.0,0.0,0.0,0.0,5,0.0,0.0,0.0,0.0,5.5,0.0,0.0,0.0,0.0,5.0,5.17,0.0,0.0,0.0,0.0,0.0,0.0,0.0,0.0,1.0,5.0,5.0,5.5
574,MT,574.0,574,FOLORUNSHO M.,C,C,CAGLIARI,,6.04,0.0,0.0,0.0,0.0,6.5,0.0,0.0,0.0,0.0,6,0.0,0.0,0.0,0.0,6.25,6.17,0.0,0.0,0.0,0.0,0.0,0.0,0.0,0.0,1.0,6.0,6.5,6.0
575,VK,575.0,,,,,,,,,,,,,,,,,,,,,,,,,,,,,,,,,,,
576,IÄ,576.0,576,FRENDRUP M.,C,C,GENOA,,6.04,0.0,0.0,0.0,0.0,6.5,0.0,0.0,0.0,0.0,6,0.0,0.0,0.0,0.0,6.25,6.17,0.0,0.0,0.0,0.0,0.0,0.0,0.0,0.0,1.0,6.0,6.5,6.0
577,JP,577.0,577,FREULER R.,C,C,BOLOGNA,,6.04,0.0,0.0,0.0,0.0,5.5,0.0,0.0,0.0,0.0,5.5,0.0,0.0,0.0,0.0,5.75,5.67,1.0,0.0,0.0,0.0,0.0,0.0,0.0,0.0,1.0,5.5,5.0,5.0
578,JH,578.0,578,GAETANO G.,C,C,CAGLIARI,15.0,6.53,0.0,0.0,0.0,1.0,6.5,0.0,0.0,0.0,1.0,6.5,0.0,0.0,0.0,1.0,6.5,6.5,0.0,0.0,0.0,0.0,0.0,0.0,0.0,0.0,0.0,7.5,6.5,7.5
579,,,579,GHION A.,C,C,SASSUOLO,,"s,v,",0.0,0.0,0.0,0.0,"s,v,",0.0,0.0,0.0,0.0,"s,v,",0.0,0.0,0.0,0.0,0.0,0.0,0.0,0.0,0.0,0.0,0.0,0.0,0.0,0.0,0.0,0.0,0.0,0.0
580,,,580,GILMOUR B.,C,C,NAPOLI,,"s,v,",0.0,0.0,0.0,0.0,"s,v,",0.0,0.0,0.0,0.0,"s,v,",0.0,0.0,0.0,0.0,0.0,0.0,0.0,0.0,0.0,0.0,0.0,0.0,0.0,0.0,0.0,0.0,0.0,0.0
581,VK,581.0,,,,,,,,,,,,,,,,,,,,,,,,,,,,,,,,,,,
582,,,582,GRONBAEK A.,C,C,GENOA,,6.04,0.0,0.0,0.0,0.0,6,0.0,0.0,0.0,0.0,6,0.0,0.0,0.0,0.0,6.0,6.0,0.0,0.0,0.0,0.0,0.0,0.0,0.0,0.0,1.0,6.0,6.0,6.0
583,JK,583.0,583,GUENDOUZI M.,C,C,LAZIO,,5.04,0.0,0.0,0.0,0.0,5.5,0.0,0.0,0.0,0.0,5,0.0,0.0,0.0,0.0,5.25,5.17,1.0,0.0,0.0,0.0,0.0,0.0,0.0,0.0,1.0,4.5,5.0,4.5
596,,,596,KABA M.,C,C,LECCE,15.0,6.04,0.0,0.0,0.0,0.0,6,0.0,0.0,0.0,0.0,5.5,0.0,0.0,0.0,0.0,6.0,5.83,0.0,0.0,0.0,0.0,0.0,0.0,0.0,0.0,0.0,6.0,6.0,5.5
599,,,599,KEITA M.,C,C,PARMA,,5.53,0.0,0.0,0.0,0.0,6,0.0,0.0,0.0,0.0,6.5,0.0,0.0,0.0,0.0,5.75,6.0,0.0,0.0,0.0,0.0,0.0,0.0,0.0,0.0,1.0,5.5,6.0,6.5
602,VK,602.0,602,KONE M.,C,C,ROMA,,7.04,0.0,0.0,0.0,0.0,7,0.0,0.0,0.0,0.0,5,0.0,0.0,0.0,0.0,7.0,6.33,0.0,0.0,0.0,0.0,0.0,0.0,0.0,0.0,1.0,7.0,7.0,5.0
603,JP,603.0,603,KOOPMEINERS T.,C,C,JUVENTUS,15.0,6.04,0.0,0.0,0.0,0.0,6,0.0,0.0,0.0,0.0,5.5,0.0,0.0,0.0,0.0,6.0,5.83,0.0,0.0,0.0,0.0,0.0,0.0,0.0,0.0,0.0,6.0,6.0,5.5
612,,,612,LIPANI L.,C,C,SASSUOLO,,5.04,0.0,0.0,0.0,0.0,6,0.0,0.0,0.0,0.0,5.5,0.0,0.0,0.0,0.0,5.5,5.5,0.0,0.0,0.0,0.0,0.0,0.0,0.0,0.0,1.0,5.0,6.0,5.5
613,,,613,LOBOTKA S.,C,C,NAPOLI,,7.04,0.0,0.0,0.0,0.0,6.5,0.0,0.0,0.0,0.0,6.5,0.0,0.0,0.0,0.0,6.75,6.67,0.0,0.0,0.0,0.0,0.0,0.0,0.0,0.0,1.0,7.0,6.5,6.5
614,JK,614.0,614,LOCATELLI M.,C,C,JUVENTUS,,6.04,0.0,0.0,0.0,0.0,6,0.0,0.0,0.0,0.0,6,0.0,0.0,0.0,0.0,6.0,6.0,0.0,0.0,0.0,0.0,0.0,0.0,0.0,0.0,1.0,6.0,6.0,6.0
615,TE,615.0,615,LOFTUS-CHEEK R.,C,C,MILAN,,5.04,0.0,0.0,0.0,0.0,4.5,0.0,0.0,0.0,0.0,5.5,0.0,0.0,0.0,0.0,4.75,5.0,0.0,0.0,0.0,0.0,0.0,0.0,0.0,0.0,1.0,5.0,4.5,5.5
618,JK,618.0,618,MALDINI D.,C,C,ATALANTA,,5.53,0.0,0.0,0.0,0.0,5.5,0.0,0.0,0.0,0.0,6,0.0,0.0,0.0,0.0,5.5,5.67,1.0,0.0,0.0,0.0,0.0,0.0,0.0,0.0,1.0,5.0,5.0,5.5
619,JH,619.0,,,,,,,,,,,,,,,,,,,,,,,,,,,,,,,,,,,
621,MT,621.0,621,MANDRAGORA R.,C,C,FIORENTINA,15.0,7.04,1.0,0.0,0.0,0.0,7,1.0,0.0,0.0,0.0,7,1.0,0.0,0.0,0.0,7.0,7.0,0.0,0.0,0.0,0.0,0.0,0.0,0.0,0.0,0.0,10.0,10.0,10.0
624,,,624,MARIN M.,C,C,PISA,,7.04,0.0,0.0,0.0,0.0,7,0.0,0.0,0.0,0.0,6,0.0,0.0,0.0,0.0,7.0,6.67,0.0,0.0,0.0,0.0,0.0,0.0,0.0,0.0,1.0,7.0,7.0,6.0
626,,,626,MASINI P.,C,C,GENOA,,6.04,0.0,0.0,0.0,0.0,6.5,0.0,0.0,0.0,0.0,6,0.0,0.0,0.0,0.0,6.25,6.17,0.0,0.0,0.0,0.0,0.0,0.0,0.0,0.0,1.0,6.0,6.5,6.0
628,,,628,MCKENNIE W.,C,C,JUVENTUS,,"s,v,",0.0,0.0,0.0,0.0,"s,v,",0.0,0.0,0.0,0.0,"s,v,",0.0,0.0,0.0,0.0,0.0,0.0,0.0,0.0,0.0,0.0,0.0,0.0,0.0,0.0,0.0,0.0,0.0,0.0
629,TE,629.0,629,MCTOMINAY S.,C,C,NAPOLI,,7.53,1.0,0.0,0.0,0.0,7.5,1.0,0.0,0.0,0.0,7.5,1.0,0.0,0.0,0.0,7.5,7.5,0.0,0.0,1.0,0.0,0.0,0.0,0.0,0.0,1.0,10.5,10.5,10.5
630,,,630,MESSIAS J.,C,C,GENOA,15.0,6.04,0.0,0.0,0.0,0.0,5.5,0.0,0.0,0.0,0.0,5,0.0,0.0,0.0,0.0,5.75,5.5,0.0,0.0,0.0,0.0,0.0,0.0,0.0,0.0,0.0,6.0,5.5,5.0
634,,,634,MODRIC L.,C,C,MILAN,,6.53,0.0,0.0,0.0,0.0,6.5,0.0,0.0,0.0,0.0,6.5,0.0,0.0,0.0,0.0,6.5,6.5,0.0,0.0,0.0,0.0,0.0,0.0,0.0,0.0,1.0,6.5,6.5,6.5
637,VK,637.0,637,NDOUR C.,C,C,FIORENTINA,,5.04,0.0,0.0,0.0,0.0,5,0.0,0.0,0.0,0.0,5,0.0,0.0,0.0,0.0,5.0,5.0,0.0,0.0,0.0,0.0,0.0,0.0,0.0,0.0,1.0,5.0,5.0,5.0
639,,,639,ORDONEZ C.,C,C,PARMA,,5.04,0.0,0.0,0.0,0.0,6,0.0,0.0,0.0,0.0,5,0.0,0.0,0.0,0.0,5.5,5.33,0.0,0.0,0.0,0.0,0.0,0.0,0.0,0.0,1.0,5.0,6.0,5.0
643,,,643,PASALIC M.,C,C,ATALANTA,,5.53,0.0,0.0,0.0,1.0,5.5,0.0,0.0,0.0,1.0,6.5,0.0,0.0,0.0,1.0,5.5,5.83,0.0,0.0,0.0,0.0,0.0,0.0,0.0,0.0,1.0,6.5,5.5,7.5
644,,,644,PAYERO M.,C,C,CREMONESE,15.0,6.04,0.0,0.0,0.0,0.0,5.5,0.0,0.0,0.0,0.0,5.5,0.0,0.0,0.0,0.0,5.75,5.67,1.0,0.0,0.0,0.0,0.0,0.0,0.0,0.0,0.0,5.5,5.0,5.0
645,JK,645.0,645,PAZ N.,C,C,COMO,,8.04,1.0,0.0,0.0,1.0,9,1.0,0.0,0.0,1.0,8,1.0,0.0,0.0,1.0,8.5,8.33,1.0,0.0,0.0,0.0,0.0,0.0,0.0,0.0,1.0,11.5,11.5,11.5
649,,,649,PERRONE M.,C,C,COMO,,7.04,0.0,0.0,0.0,0.0,7,0.0,0.0,0.0,0.0,6,0.0,0.0,0.0,0.0,7.0,6.67,0.0,0.0,0.0,0.0,0.0,0.0,0.0,0.0,1.0,7.0,7.0,6.0
650,,,650,PICCININI G.,C,C,PISA,,"s,v,",0.0,0.0,0.0,0.0,6,0.0,0.0,0.0,0.0,"s,v,",0.0,0.0,0.0,0.0,6.0,6.0,0.0,0.0,0.0,0.0,0.0,0.0,0.0,0.0,0.0,0.0,6.0,0.0
651,,,651,PIERRET B.,C,C,LECCE,,"s,v,",0.0,0.0,0.0,0.0,"s,v,",0.0,0.0,0.0,0.0,"s,v,",0.0,0.0,0.0,0.0,0.0,0.0,0.0,0.0,0.0,0.0,0.0,0.0,0.0,0.0,0.0,0.0,0.0,0.0
652,JH,652.0,,,,,,,,,,,,,,,,,,,,,,,,,,,,,,,,,,,
654,MT,654.0,654,POBEGA T.,C,C,BOLOGNA,,5.04,0.0,0.0,0.0,0.0,5,0.0,0.0,0.0,0.0,5,0.0,0.0,0.0,0.0,5.0,5.0,0.0,0.0,0.0,0.0,0.0,0.0,0.0,0.0,1.0,5.0,5.0,5.0
655,,,655,PRATI M.,C,C,CAGLIARI,,6.04,0.0,0.0,0.0,0.0,6,0.0,0.0,0.0,0.0,5.5,0.0,0.0,0.0,0.0,6.0,5.83,0.0,0.0,0.0,0.0,0.0,0.0,0.0,0.0,1.0,6.0,6.0,5.5
658,,,658,RAMADANI Y.,C,C,LECCE,,6.04,0.0,0.0,0.0,0.0,6,0.0,0.0,0.0,0.0,6.5,0.0,0.0,0.0,0.0,6.0,6.17,0.0,0.0,0.0,0.0,0.0,0.0,0.0,0.0,1.0,6.0,6.0,6.5
659,JH,659.0,,,,,,,,,,,,,,,,,,,,,,,,,,,,,,,,,,,
663,JK,663.0,663,ROVELLA N.,C,C,LAZIO,15.0,5.53,0.0,0.0,0.0,0.0,5,0.0,0.0,0.0,0.0,5.5,0.0,0.0,0.0,0.0,5.25,5.33,0.0,0.0,0.0,0.0,0.0,0.0,0.0,0.0,0.0,5.5,5.0,5.5
666,IÄ,666.0,666,SAELEMAEKERS A.,C,C,MILAN,,5.53,0.0,0.0,0.0,0.0,6,0.0,0.0,0.0,0.0,6,0.0,0.0,0.0,0.0,5.75,5.83,0.0,0.0,0.0,0.0,0.0,0.0,0.0,0.0,1.0,5.5,6.0,6.0
667,VK,667.0,667,SAMARDZIC L.,C,C,ATALANTA,,"s,v,",0.0,0.0,0.0,0.0,"s,v,",0.0,0.0,0.0,0.0,"s,v,",0.0,0.0,0.0,0.0,0.0,0.0,0.0,0.0,0.0,0.0,0.0,0.0,0.0,0.0,0.0,0.0,0.0,0.0
668,JP,668.0,,,,,,,,,,,,,,,,,,,,,,,,,,,,,,,,,,,
669,IÄ,669.0,669,SOHM S.,C,C,FIORENTINA,,5.53,0.0,0.0,0.0,0.0,5,0.0,0.0,0.0,0.0,6,0.0,0.0,0.0,0.0,5.25,5.5,0.0,0.0,0.0,0.0,0.0,0.0,0.0,0.0,1.0,5.5,5.0,6.0
670,JH,670.0,670,SOTTIL R.,C,C,LECCE,15.0,6.04,0.0,0.0,0.0,0.0,6,0.0,0.0,0.0,0.0,5.5,0.0,0.0,0.0,0.0,6.0,5.83,0.0,0.0,0.0,0.0,0.0,0.0,0.0,0.0,0.0,6.0,6.0,5.5
671,JP,671.0,671,STANCIU N.,C,C,GENOA,,6.53,0.0,0.0,0.0,0.0,7,0.0,0.0,0.0,0.0,6,0.0,0.0,0.0,0.0,6.75,6.5,0.0,0.0,0.0,0.0,0.0,0.0,0.0,0.0,1.0,6.5,7.0,6.0
673,PP,673.0,,,,,,,,,,,,,,,,,,,,,,,,,,,,,,,,,,,
674,,,674,SULEMANA,C,C,ATALANTA,15.0,6.03,0.0,0.0,0.0,0.0,6,0.0,0.0,0.0,0.0,6,0.0,0.0,0.0,0.0,6.0,6.0,1.0,0.0,0.0,0.0,0.0,0.0,0.0,0.0,0.0,5.5,5.5,5.5
677,,,677,THORSBY M.,C,C,GENOA,,"s,v,",0.0,0.0,0.0,0.0,"s,v,",0.0,0.0,0.0,0.0,"s,v,",0.0,0.0,0.0,0.0,0.0,0.0,0.0,0.0,0.0,0.0,0.0,0.0,0.0,0.0,0.0,0.0,0.0,0.0
679,VK,679.0,679,THURAM K.,C,C,JUVENTUS,,6.53,0.0,0.0,0.0,0.0,6.5,0.0,0.0,0.0,0.0,6.5,0.0,0.0,0.0,0.0,6.5,6.5,0.0,0.0,0.0,0.0,0.0,0.0,0.0,0.0,1.0,6.5,6.5,6.5
681,,,681,TOURE Id.,C,C,PISA,,6.53,0.0,0.0,0.0,0.0,7,0.0,0.0,0.0,0.0,6.5,0.0,0.0,0.0,0.0,6.75,6.67,0.0,0.0,0.0,0.0,0.0,0.0,0.0,0.0,1.0,6.5,7.0,6.5
682,MT,682.0,682,TRAMONI M.,C,C,PISA,,6.04,0.0,0.0,0.0,0.0,6.5,0.0,0.0,0.0,0.0,6,0.0,0.0,0.0,0.0,6.25,6.17,0.0,0.0,0.0,0.0,0.0,0.0,0.0,0.0,1.0,6.0,6.5,6.0
686,MT,686.0,686,VANDEPUTTE J.,C,C,CREMONESE,,5.53,0.0,0.0,0.0,0.0,5.5,0.0,0.0,0.0,0.0,5.5,0.0,0.0,0.0,0.0,5.5,5.5,0.0,0.0,0.0,0.0,0.0,0.0,0.0,0.0,1.0,5.5,5.5,5.5
688,JP,688.0,,,,,,,,,,,,,,,,,,,,,,,,,,,,,,,,,,,
697,,,697,ZALEWSKI N.,C,C,ATALANTA,,6.04,0.0,0.0,0.0,0.0,6,0.0,0.0,0.0,0.0,6,0.0,0.0,0.0,0.0,6.0,6.0,0.0,0.0,0.0,0.0,0.0,0.0,0.0,0.0,1.0,6.0,6.0,6.0
698,,,698,BERNARDESCHI F.,C,C,BOLOGNA,,6.04,0.0,0.0,0.0,0.0,"s,v,",0.0,0.0,0.0,0.0,6.5,0.0,0.0,0.0,0.0,6.0,6.25,0.0,0.0,0.0,0.0,0.0,0.0,0.0,0.0,0.0,6.0,0.0,6.5
699,,,699,GRASSI A.,C,C,CREMONESE,,6.04,0.0,0.0,0.0,0.0,6,0.0,0.0,0.0,0.0,6,0.0,0.0,0.0,0.0,6.0,6.0,1.0,0.0,0.0,0.0,0.0,0.0,0.0,0.0,1.0,5.5,5.5,5.5
700,TE,700.0,700,AKINSANMIRO E.,C,C,PISA,15.0,5.53,0.0,0.0,0.0,0.0,6,0.0,0.0,0.0,0.0,6,0.0,0.0,0.0,0.0,5.75,5.83,0.0,0.0,0.0,0.0,0.0,0.0,0.0,0.0,0.0,5.5,6.0,6.0
701,JP,701.0,701,EL AYNAOUI N.,C,C,ROMA,15.0,6.04,0.0,0.0,0.0,0.0,6,0.0,0.0,0.0,0.0,5.5,0.0,0.0,0.0,0.0,6.0,5.83,0.0,0.0,0.0,0.0,0.0,0.0,0.0,0.0,0.0,6.0,6.0,5.5
702,PP,702.0,702,KONE I.,C,C,SASSUOLO,,5.04,0.0,0.0,0.0,0.0,4.5,0.0,0.0,0.0,0.0,5,0.0,0.0,0.0,0.0,4.75,4.83,0.0,1.0,0.0,0.0,0.0,0.0,0.0,0.0,1.0,4.0,3.5,4.0
703,,,703,MAZZITELLI L.,C,C,CAGLIARI,15.0,5.53,0.0,0.0,0.0,0.0,6.5,0.0,0.0,0.0,0.0,6.5,0.0,0.0,0.0,0.0,6.0,6.17,1.0,0.0,0.0,0.0,0.0,0.0,0.0,0.0,0.0,5.0,6.0,6.0
704,IÄ,704.0,704,JASHARI A.,C,C,MILAN,15.0,5.53,0.0,0.0,0.0,0.0,5.5,0.0,0.0,0.0,0.0,"s,v,",0.0,0.0,0.0,0.0,5.5,5.5,0.0,0.0,0.0,0.0,0.0,0.0,0.0,0.0,0.0,5.5,5.5,0.0
708,PP,708.0,708,SORENSEN O.,C,C,PARMA,15.0,6.04,0.0,0.0,0.0,0.0,5.5,0.0,0.0,0.0,0.0,5.5,0.0,0.0,0.0,0.0,5.75,5.67,1.0,0.0,0.0,0.0,0.0,0.0,0.0,0.0,0.0,5.5,5.0,5.0
800,JP,800.0,,,,,,,,,,,,,,,,,,,,,,,,,,,,,,,,,,,
804,IÄ,804.0,804,ALMQVIST P.,A,A,PARMA,,6.04,0.0,0.0,0.0,0.0,7,0.0,0.0,0.0,0.0,6,0.0,0.0,0.0,0.0,6.5,6.33,0.0,0.0,0.0,0.0,0.0,0.0,0.0,0.0,1.0,6.0,7.0,6.0
813,JH,813.0,813,BANDA L.,A,A,LECCE,,6.04,0.0,0.0,0.0,0.0,5.5,0.0,0.0,0.0,0.0,5.5,0.0,0.0,0.0,0.0,5.75,5.67,1.0,0.0,0.0,0.0,0.0,0.0,0.0,0.0,1.0,5.5,5.0,5.0
816,MT,816.0,,,,,,,,,,,,,,,,,,,,,,,,,,,,,,,,,,,
817,VK,817.0,817,BENEDYCZAK A.,A,A,PARMA,,"s,v,",0.0,0.0,0.0,0.0,"s,v,",0.0,0.0,0.0,0.0,"s,v,",0.0,0.0,0.0,0.0,0.0,0.0,0.0,0.0,0.0,0.0,0.0,0.0,0.0,0.0,0.0,0.0,0.0,0.0
818,MT,818.0,818,BERARDI D.,A,A,SASSUOLO,,5.04,0.0,0.0,0.0,0.0,5.5,0.0,0.0,0.0,0.0,6,0.0,0.0,0.0,0.0,5.25,5.5,1.0,0.0,0.0,0.0,0.0,0.0,0.0,0.0,1.0,4.5,5.0,5.5
819,VK,819.0,819,BONAZZOLI F.,A,A,CREMONESE,,8.04,1.0,0.0,0.0,0.0,7.5,1.0,0.0,0.0,0.0,7.5,1.0,0.0,0.0,0.0,7.75,7.67,0.0,0.0,1.0,0.0,0.0,0.0,0.0,0.0,1.0,11.0,10.5,10.5
821,PP,821.0,,,,,,,,,,,,,,,,,,,,,,,,,,,,,,,,,,,
822,,,822,BORRELLI G.,A,A,CAGLIARI,,6.53,0.0,0.0,0.0,0.0,6.5,0.0,0.0,0.0,0.0,6.5,0.0,0.0,0.0,0.0,6.5,6.5,1.0,0.0,0.0,0.0,0.0,0.0,0.0,0.0,1.0,6.0,6.0,6.0
829,TE,829.0,829,CAMARDA F.,A,A,LECCE,,5.53,0.0,0.0,0.0,0.0,5.5,0.0,0.0,0.0,0.0,5,0.0,0.0,0.0,0.0,5.5,5.33,0.0,0.0,0.0,0.0,0.0,0.0,0.0,0.0,1.0,5.5,5.5,5.0
830,JK,830.0,830,CAMBIAGHI N.,A,A,BOLOGNA,,5.53,0.0,0.0,0.0,0.0,5.5,0.0,0.0,0.0,0.0,6.5,0.0,0.0,0.0,0.0,5.5,5.83,0.0,0.0,0.0,0.0,0.0,0.0,0.0,0.0,1.0,5.5,5.5,6.5
831,MT,831.0,831,CANCELLIERI M.,A,A,LAZIO,,5.04,0.0,0.0,0.0,0.0,4.5,0.0,0.0,0.0,0.0,5,0.0,0.0,0.0,0.0,4.75,4.83,0.0,0.0,0.0,0.0,0.0,0.0,0.0,0.0,1.0,5.0,4.5,5.0
833,TE,833.0,833,CASTELLANOS V.,A,A,LAZIO,,5.53,0.0,0.0,0.0,0.0,5,0.0,0.0,0.0,0.0,5,0.0,0.0,0.0,0.0,5.25,5.17,1.0,0.0,0.0,0.0,0.0,0.0,0.0,0.0,1.0,5.0,4.5,4.5
834,,,834,CASTRO S.,A,A,BOLOGNA,15.0,6.53,0.0,0.0,0.0,0.0,6,0.0,0.0,0.0,0.0,6.5,0.0,0.0,0.0,0.0,6.25,6.33,0.0,0.0,0.0,0.0,0.0,0.0,0.0,0.0,0.0,6.5,6.0,6.5
840,JK,840.0,840,COLOMBO L.,A,A,GENOA,,5.53,0.0,0.0,0.0,0.0,5.5,0.0,0.0,0.0,0.0,5,0.0,0.0,0.0,0.0,5.5,5.33,0.0,0.0,0.0,0.0,0.0,0.0,0.0,0.0,1.0,5.5,5.5,5.0
845,PP,845.0,845,DAVID J.,A,A,JUVENTUS,,7.04,1.0,0.0,0.0,0.0,7,1.0,0.0,0.0,0.0,7,1.0,0.0,0.0,0.0,7.0,7.0,0.0,0.0,1.0,0.0,0.0,0.0,0.0,0.0,1.0,10.0,10.0,10.0
847,PP,847.0,847,DE KETELAERE C.,A,A,ATALANTA,,5.04,0.0,0.0,0.0,0.0,5.5,0.0,0.0,0.0,0.0,6.5,0.0,0.0,0.0,0.0,5.25,5.67,0.0,0.0,0.0,0.0,0.0,0.0,0.0,0.0,1.0,5.0,5.5,6.5
848,,,848,DE LUCA M.,A,A,CREMONESE,,"s,v,",0.0,0.0,0.0,0.0,"s,v,",0.0,0.0,0.0,0.0,"s,v,",0.0,0.0,0.0,0.0,0.0,0.0,0.0,0.0,0.0,0.0,0.0,0.0,0.0,0.0,0.0,0.0,0.0,0.0
850,,,850,DIA B.,A,A,LAZIO,15.0,5.04,0.0,0.0,0.0,0.0,5,0.0,0.0,0.0,0.0,"s,v,",0.0,0.0,0.0,0.0,5.0,5.0,0.0,0.0,0.0,0.0,0.0,0.0,0.0,0.0,0.0,5.0,5.0,0.0
851,VK,851.0,,,,,,,,,,,,,,,,,,,,,,,,,,,,,,,,,,,
852,,,852,DJURIC M.,A,A,PARMA,,"s,v,",0.0,0.0,0.0,0.0,"s,v,",0.0,0.0,0.0,0.0,"s,v,",0.0,0.0,0.0,0.0,0.0,0.0,0.0,0.0,0.0,0.0,0.0,0.0,0.0,0.0,0.0,0.0,0.0,0.0
853,VK,853.0,,,,,,,,,,,,,,,,,,,,,,,,,,,,,,,,,,,
854,,,854,DOUVIKAS T.,A,A,COMO,,7.53,1.0,0.0,0.0,0.0,7.5,1.0,0.0,0.0,0.0,7,1.0,0.0,0.0,0.0,7.5,7.33,0.0,0.0,1.0,0.0,0.0,0.0,0.0,0.0,1.0,10.5,10.5,10.0
855,TE,855.0,855,DOVBYK A.,A,A,ROMA,15.0,5.53,0.0,0.0,0.0,0.0,6,0.0,0.0,0.0,0.0,5.5,0.0,0.0,0.0,0.0,5.75,5.67,0.0,0.0,0.0,0.0,0.0,0.0,0.0,0.0,0.0,5.5,6.0,5.5
856,VK,856.0,856,DYBALA P.,A,A,ROMA,15.0,6.04,0.0,0.0,0.0,0.0,6.5,0.0,0.0,0.0,0.0,7,0.0,0.0,0.0,0.0,6.25,6.5,0.0,0.0,0.0,0.0,0.0,0.0,0.0,0.0,0.0,6.0,6.5,7.0
858,TE,858.0,858,EKHATOR J.,A,A,GENOA,15.0,5.53,0.0,0.0,0.0,0.0,"s,v,",0.0,0.0,0.0,0.0,6,0.0,0.0,0.0,0.0,5.5,5.75,1.0,0.0,0.0,0.0,0.0,0.0,0.0,0.0,0.0,5.0,0.0,5.5
860,IÄ,860.0,,,,,,,,,,,,,,,,,,,,,,,,,,,,,,,,,,,
861,MT,861.0,861,ESPOSITO S.,A,A,CAGLIARI,,6.53,0.0,0.0,0.0,0.0,6,0.0,0.0,0.0,0.0,6,0.0,0.0,0.0,0.0,6.25,6.17,0.0,0.0,0.0,0.0,0.0,0.0,0.0,0.0,1.0,6.5,6.0,6.0
862,JK,862.0,,,,,,,,,,,,,,,,,,,,,,,,,,,,,,,,,,,
865,,,865,GIMENEZ Santiago,A,A,MILAN,,4.53,0.0,0.0,0.0,0.0,5,0.0,0.0,0.0,0.0,4.5,0.0,0.0,0.0,0.0,4.75,4.67,0.0,0.0,0.0,0.0,0.0,0.0,0.0,0.0,1.0,4.5,5.0,4.5
866,PP,866.0,,,,,,,,,,,,,,,,,,,,,,,,,,,,,,,,,,,
867,,,867,GONZALEZ N.,A,A,JUVENTUS,,"s,v,",0.0,0.0,0.0,0.0,"s,v,",0.0,0.0,0.0,0.0,6,0.0,0.0,0.0,0.0,0.0,6.0,0.0,0.0,0.0,0.0,0.0,0.0,0.0,0.0,0.0,0.0,0.0,6.0
868,VK,868.0,868,GUDMUNDSSON A.,A,A,FIORENTINA,,5.53,0.0,0.0,0.0,1.0,6,0.0,0.0,0.0,1.0,5.5,0.0,0.0,0.0,1.0,5.75,5.67,0.0,0.0,0.0,0.0,0.0,0.0,0.0,0.0,1.0,6.5,6.0,6.5
870,JH,870.0,870,IMMOBILE C.,A,A,BOLOGNA,,5.53,0.0,0.0,0.0,0.0,6,0.0,0.0,0.0,0.0,5,0.0,0.0,0.0,0.0,5.75,5.5,0.0,0.0,0.0,0.0,0.0,0.0,0.0,0.0,1.0,5.5,6.0,5.0
871,JP,871.0,,,,,,,,,,,,,,,,,,,,,,,,,,,,,,,,,,,
877,JP,877.0,877,KEAN M.,A,A,FIORENTINA,,5.04,0.0,0.0,0.0,0.0,5,0.0,0.0,0.0,0.0,5,0.0,0.0,0.0,0.0,5.0,5.0,0.0,0.0,0.0,0.0,0.0,0.0,0.0,0.0,1.0,5.0,5.0,5.0
880,JP,880.0,880,KRSTOVIC N.,A,A,ATALANTA,15.0,6.04,0.0,0.0,0.0,0.0,6,0.0,0.0,0.0,0.0,6,0.0,0.0,0.0,0.0,6.0,6.0,0.0,0.0,0.0,0.0,0.0,0.0,0.0,0.0,0.0,6.0,6.0,6.0
881,,,881,KUHN N.,A,A,COMO,,"s,v,",0.0,0.0,0.0,0.0,"s,v,",0.0,0.0,0.0,0.0,"s,v,",0.0,0.0,0.0,0.0,0.0,0.0,0.0,0.0,0.0,0.0,0.0,0.0,0.0,0.0,0.0,0.0,0.0,0.0
883,JP,883.0,883,LANG N.,A,A,NAPOLI,,"s,v,",0.0,0.0,0.0,0.0,"s,v,",0.0,0.0,0.0,0.0,"s,v,",0.0,0.0,0.0,0.0,0.0,0.0,0.0,0.0,0.0,0.0,0.0,0.0,0.0,0.0,0.0,0.0,0.0,0.0
885,,,885,LAURIENTE A.,A,A,SASSUOLO,,6.04,0.0,0.0,0.0,0.0,5.5,0.0,0.0,0.0,0.0,6,0.0,0.0,0.0,0.0,5.75,5.83,0.0,0.0,0.0,0.0,0.0,0.0,0.0,0.0,1.0,6.0,5.5,6.0
886,IÄ,886.0,,,,,,,,,,,,,,,,,,,,,,,,,,,,,,,,,,,
889,JP,889.0,,,,,,,,,,,,,,,,,,,,,,,,,,,,,,,,,,,
890,JK,890.0,890,LUCCA L.,A,A,NAPOLI,,5.04,0.0,0.0,0.0,0.0,6,0.0,0.0,0.0,0.0,5.5,0.0,0.0,0.0,0.0,5.5,5.5,1.0,0.0,0.0,0.0,0.0,0.0,0.0,0.0,1.0,4.5,5.5,5.0
893,,,893,LUVUMBO S.,A,A,CAGLIARI,15.0,6.04,0.0,0.0,0.0,0.0,6.5,0.0,0.0,0.0,0.0,6.5,0.0,0.0,0.0,0.0,6.25,6.33,0.0,0.0,0.0,0.0,0.0,0.0,0.0,0.0,0.0,6.0,6.5,6.5
895,IÄ,895.0,,,,,,,,,,,,,,,,,,,,,,,,,,,,,,,,,,,
897,,,897,MEISTER H.,A,A,PISA,,6.04,0.0,0.0,0.0,0.0,6.5,0.0,0.0,0.0,0.0,6,0.0,0.0,0.0,0.0,6.25,6.17,0.0,0.0,0.0,0.0,0.0,0.0,0.0,0.0,1.0,6.0,6.5,6.0
901,,,901,MORENTE T.,A,A,LECCE,,6.04,0.0,0.0,0.0,0.0,6.5,0.0,0.0,0.0,0.0,6.5,0.0,0.0,0.0,0.0,6.25,6.33,1.0,0.0,0.0,0.0,0.0,0.0,0.0,0.0,1.0,5.5,6.0,6.0
902,,,902,MOREO S.,A,A,PISA,,6.53,0.0,0.0,0.0,0.0,6.5,0.0,0.0,0.0,0.0,6,0.0,0.0,0.0,0.0,6.5,6.33,0.0,0.0,0.0,0.0,0.0,0.0,0.0,0.0,1.0,6.5,6.5,6.0
903,,,903,MORO L.,A,A,SASSUOLO,,"s,v,",0.0,0.0,0.0,0.0,"s,v,",0.0,0.0,0.0,0.0,"s,v,",0.0,0.0,0.0,0.0,0.0,0.0,0.0,0.0,0.0,0.0,0.0,0.0,0.0,0.0,0.0,0.0,0.0,0.0
910,,,910,N'DRI K.,A,A,LECCE,,"s,v,",0.0,0.0,0.0,0.0,"s,v,",0.0,0.0,0.0,0.0,"s,v,",0.0,0.0,0.0,0.0,0.0,0.0,0.0,0.0,0.0,0.0,0.0,0.0,0.0,0.0,0.0,0.0,0.0,0.0
911,VK,911.0,911,NERES D.,A,A,NAPOLI,,6.04,0.0,0.0,0.0,0.0,6,0.0,0.0,0.0,0.0,"s,v,",0.0,0.0,0.0,0.0,6.0,6.0,0.0,0.0,0.0,0.0,0.0,0.0,0.0,0.0,0.0,6.0,6.0,0.0
915,,,915,NZOLA M.,A,A,PISA,15.0,6.04,0.0,0.0,0.0,0.0,5.5,0.0,0.0,0.0,0.0,5.5,0.0,0.0,0.0,0.0,5.75,5.67,0.0,0.0,0.0,0.0,0.0,0.0,0.0,0.0,0.0,6.0,5.5,5.5
916,,,916,ODGAARD J.,A,A,BOLOGNA,,5.04,0.0,0.0,0.0,0.0,5,0.0,0.0,0.0,0.0,5,0.0,0.0,0.0,0.0,5.0,5.0,0.0,0.0,0.0,0.0,0.0,0.0,0.0,0.0,1.0,5.0,5.0,5.0
918,,,918,OKEREKE D.,A,A,CREMONESE,,6.04,0.0,0.0,0.0,0.0,6,0.0,0.0,0.0,0.0,5,0.0,0.0,0.0,0.0,6.0,5.67,0.0,0.0,0.0,0.0,0.0,0.0,0.0,0.0,1.0,6.0,6.0,5.0
920,MT,920.0,920,ORSOLINI R.,A,A,BOLOGNA,,6.04,0.0,0.0,0.0,0.0,6.5,0.0,0.0,0.0,0.0,5.5,0.0,0.0,0.0,0.0,6.25,6.0,0.0,0.0,0.0,0.0,0.0,0.0,0.0,0.0,1.0,6.0,6.5,5.5
924,,,924,PEDRO,A,A,LAZIO,15.0,5.04,0.0,0.0,0.0,0.0,5,0.0,0.0,0.0,0.0,5.5,0.0,0.0,0.0,0.0,5.0,5.17,0.0,0.0,0.0,0.0,0.0,0.0,0.0,0.0,0.0,5.0,5.0,5.5
926,MT,926.0,926,PELLEGRINO M.,A,A,PARMA,,5.53,0.0,0.0,0.0,0.0,6,0.0,0.0,0.0,0.0,5,0.0,0.0,0.0,0.0,5.75,5.5,0.0,0.0,0.0,0.0,0.0,0.0,0.0,0.0,1.0,5.5,6.0,5.0
927,JH,927.0,,,,,,,,,,,,,,,,,,,,,,,,,,,,,,,,,,,
928,,,928,PIERINI N.,A,A,SASSUOLO,,"s,v,",0.0,0.0,0.0,0.0,"s,v,",0.0,0.0,0.0,0.0,5,0.0,0.0,0.0,0.0,0.0,5.0,0.0,0.0,0.0,0.0,0.0,0.0,0.0,0.0,0.0,0.0,0.0,5.0
930,JK,930.0,930,PINAMONTI A.,A,A,SASSUOLO,,5.53,0.0,0.0,0.0,0.0,5,0.0,0.0,0.0,0.0,5,0.0,0.0,0.0,0.0,5.25,5.17,0.0,0.0,0.0,0.0,0.0,0.0,0.0,0.0,1.0,5.5,5.0,5.0
931,,,931,POLITANO M.,A,A,NAPOLI,,7.53,0.0,0.0,0.0,1.0,7,0.0,0.0,0.0,1.0,6.5,0.0,0.0,0.0,1.0,7.25,7.0,0.0,0.0,0.0,0.0,0.0,0.0,0.0,0.0,1.0,8.5,7.0,7.5
934,PP,934.0,934,PULISIC C.,A,A,MILAN,,5.04,0.0,0.0,0.0,0.0,5.5,0.0,0.0,0.0,0.0,5,0.0,0.0,0.0,0.0,5.25,5.17,0.0,0.0,0.0,0.0,0.0,0.0,0.0,0.0,1.0,5.0,5.5,5.0
937,IÄ,937.0,937,RODRIGUEZ J.,A,A,COMO,,7.53,0.0,0.0,0.0,0.0,7,0.0,0.0,0.0,0.0,6,0.0,0.0,0.0,0.0,7.25,6.83,0.0,0.0,0.0,0.0,0.0,0.0,0.0,0.0,1.0,7.5,7.0,6.0
939,VK,939.0,939,SANABRIA A.,A,A,CREMONESE,15.0,6.04,0.0,0.0,0.0,0.0,6,0.0,0.0,0.0,0.0,6,0.0,0.0,0.0,0.0,6.0,6.0,0.0,0.0,0.0,0.0,0.0,0.0,0.0,0.0,0.0,6.0,6.0,6.0
942,MT,942.0,942,SCAMACCA G.,A,A,ATALANTA,,6.53,1.0,0.0,0.0,0.0,7,1.0,0.0,0.0,0.0,7,1.0,0.0,0.0,0.0,6.75,6.83,0.0,0.0,0.0,1.0,0.0,0.0,0.0,0.0,1.0,9.5,10.0,10.0
946,PP,946.0,946,SOULE M.,A,A,ROMA,,6.04,0.0,0.0,0.0,0.0,6,0.0,0.0,0.0,0.0,6,0.0,0.0,0.0,0.0,6.0,6.0,0.0,0.0,0.0,0.0,0.0,0.0,0.0,0.0,1.0,6.0,6.0,6.0
951,PP,951.0,,,,,,,,,,,,,,,,,,,,,,,,,,,,,,,,,,,
956,JK,956.0,,,,,,,,,,,,,,,,,,,,,,,,,,,,,,,,,,,
960,,,960,VITINHA,A,A,GENOA,,"s,v,",0.0,0.0,0.0,0.0,"s,v,",0.0,0.0,0.0,0.0,"s,v,",0.0,0.0,0.0,0.0,0.0,0.0,0.0,0.0,0.0,0.0,0.0,0.0,0.0,0.0,0.0,0.0,0.0,0.0
961,,,961,VLAHOVIC D.,A,A,JUVENTUS,,7.04,1.0,0.0,0.0,0.0,7,1.0,0.0,0.0,0.0,7,1.0,0.0,0.0,0.0,7.0,7.0,0.0,0.0,0.0,0.0,0.0,0.0,0.0,0.0,0.0,10.0,10.0,10.0
962,TE,962.0,962,YILDIZ K.,A,A,JUVENTUS,,7.04,0.0,0.0,0.0,2.0,7.5,0.0,0.0,0.0,2.0,7.5,0.0,0.0,0.0,2.0,7.25,7.33,0.0,0.0,0.0,0.0,0.0,0.0,0.0,0.0,1.0,9.0,7.5,9.5
963,JH,963.0,963,ZACCAGNI M.,A,A,LAZIO,,5.04,0.0,0.0,0.0,0.0,5.5,0.0,0.0,0.0,0.0,5,0.0,0.0,0.0,0.0,5.25,5.17,1.0,0.0,0.0,0.0,0.0,0.0,0.0,0.0,1.0,4.5,5.0,4.5
965,MT,965.0,965,ZERBIN A.,A,A,CREMONESE,,6.53,0.0,0.0,0.0,1.0,6.5,0.0,0.0,0.0,1.0,6.5,0.0,0.0,0.0,1.0,6.5,6.5,0.0,0.0,0.0,0.0,0.0,0.0,0.0,0.0,1.0,7.5,6.5,7.5
968,IÄ,968.0,968,CONCEICAO F.,A,A,JUVENTUS,,6.53,0.0,0.0,0.0,0.0,7,0.0,0.0,0.0,0.0,6.5,0.0,0.0,0.0,0.0,6.75,6.67,0.0,0.0,0.0,0.0,0.0,0.0,0.0,0.0,1.0,6.5,7.0,6.5
969,PP,969.0,969,FERGUSON E.,A,A,ROMA,,7.04,0.0,0.0,0.0,0.0,7,0.0,0.0,0.0,0.0,6.5,0.0,0.0,0.0,0.0,7.0,6.83,0.0,0.0,0.0,0.0,0.0,0.0,0.0,0.0,1.0,7.0,7.0,6.5
973,JH,973.0,973,KILICSOY S.,A,A,CAGLIARI,,"s,v,",0.0,0.0,0.0,0.0,"s,v,",0.0,0.0,0.0,0.0,"s,v,",0.0,0.0,0.0,0.0,0.0,0.0,1.0,0.0,0.0,0.0,0.0,0.0,0.0,0.0,0.0,0.0,0.0,0.0
974,,,974,MORATA A.,A,A,COMO,15.0,6.53,0.0,0.0,0.0,0.0,6.5,0.0,0.0,0.0,0.0,6,0.0,0.0,0.0,0.0,6.5,6.33,0.0,0.0,0.0,0.0,0.0,0.0,0.0,0.0,0.0,6.5,6.5,6.0
,,,ALL.,JURIC I.,ALL,ALL,ATALANTA,,6,,,,,6,,,,,6,,,,,,,1.0,0.0,,,,,,,,,,
,,,ALL.,ITALIANO V.,ALL,ALL,BOLOGNA,,5.5,,,,,5.5,,,,,5.5,,,,,,,0.0,0.0,,,,,,,,,,
,,,ALL.,PISACANE F.,ALL,ALL,CAGLIARI,,6.5,,,,,7,,,,,6.5,,,,,,,0.0,0.0,,,,,,,,,,
,,,ALL.,FABREGAS C.,ALL,ALL,COMO,,8,,,,,8,,,,,8,,,,,,,0.0,0.0,,,,,,,,,,
,,,ALL.,NICOLA D.,ALL,ALL,CREMONESE,,8,,,,,7,,,,,7.5,,,,,,,0.0,0.0,,,,,,,,,,
,,,ALL.,PIOLI S.,ALL,ALL,FIORENTINA,,6,,,,,5.5,,,,,5.5,,,,,,,0.0,0.0,,,,,,,,,,
,,,ALL.,VIERA P.,ALL,ALL,GENOA,,6,,,,,6,,,,,5,,,,,,,0.0,0.0,,,,,,,,,,
,,,ALL.,TUDOR I.,ALL,ALL,JUVENTUS,,6.5,,,,,6.5,,,,,6.5,,,,,,,1.0,0.0,,,,,,,,,,
,,,ALL.,SARRI M.,ALL,ALL,LAZIO,,5,,,,,5,,,,,5,,,,,,,0.0,0.0,,,,,,,,,,
,,,ALL.,DI FRANCESCO E.,ALL,ALL,LECCE,,6,,,,,6.5,,,,,6,,,,,,,0.0,0.0,,,,,,,,,,
,,,ALL.,ALLEGRI M.,ALL,ALL,MILAN,,5,,,,,5,,,,,5,,,,,,,0.0,0.0,,,,,,,,,,
,,,ALL.,CONTE A.,ALL,ALL,NAPOLI,,7,,,,,7,,,,,7,,,,,,,0.0,0.0,,,,,,,,,,
,,,ALL.,CUESTA C.,ALL,ALL,PARMA,,5.5,,,,,6,,,,,6,,,,,,,0.0,0.0,,,,,,,,,,
,,,ALL.,GILARDINO A.,ALL,ALL,PISA,,7,,,,,6.5,,,,,6.5,,,,,,,0.0,0.0,,,,,,,,,,
,,,ALL.,GASPERINI G.,ALL,ALL,ROMA,,7,,,,,7.5,,,,,6.5,,,,,,,0.0,0.0,,,,,,,,,,
,,,ALL.,GROSSI F.,ALL,ALL,SASSUOLO,,5.5,,,,,5.5,,,,,5.5,,,,,,,0.0,0.0,,,,,,,,,,
