_num_key,org,#,ID_combined,Giocatore_combined,Ruolo_combined,Ruolo2_combined,Squadra_combined,Min.Gioc._combined,G_combined,GF_combined,GS_combined,Aut_combined,Ass_combined,CS_combined,GF.1_combined,GS.1_combined,Aut.1_combined,Ass.1_combined,TS_combined,GF.2_combined,GS.2_combined,Aut.2_combined,Ass.2_combined,M2_combined,M3_combined,Amm_combined,Esp_combined,Gdv_combined,Gdp_combined,RigS_combined,RigP_combined,Rt_combined,Rs_combined,T_combined,VG_combined,VC_combined,VTS_combined,_name_norm_combined,ID_new,Giocatore_new,Ruolo_new,Ruolo2_new,Squadra_new,Min.Gioc._new,G_new,GF_new,GS_new,Aut_new,Ass_new,CS_new,GF.1_new,GS.1_new,Aut.1_new,Ass.1_new,TS_new,GF.2_new,GS.2_new,Aut.2_new,Ass.2_new,M2_new,M3_new,Amm_new,Esp_new,Gdv_new,Gdp_new,RigS_new,RigP_new,Rt_new,Rs_new,T_new,VG_new,VC_new,VTS_new,_name_norm_new,matched_norm,match_score
108.0,JH,108.0,,,,,,,,,,,,,,,,,,,,,,,,,,,,,,,,,,,,,,,,,,,,,,,,,,,,,,,,,,,,,,,,,,,,,,,,,,
111.0,PP,111.0,,,,,,,,,,,,,,,,,,,,,,,,,,,,,,,,,,,,,,,,,,,,,,,,,,,,,,,,,,,,,,,,,,,,,,,,,,
115.0,IÄ,115.0,,,,,,,,,,,,,,,,,,,,,,,,,,,,,,,,,,,,,,,,,,,,,,,,,,,,,,,,,,,,,,,,,,,,,,,,,,
127.0,VK,127.0,,,,,,,,,,,,,,,,,,,,,,,,,,,,,,,,,,,,,,,,,,,,,,,,,,,,,,,,,,,,,,,,,,,,,,,,,,
128.0,PP,128.0,,,,,,,,,,,,,,,,,,,,,,,,,,,,,,,,,,,,,,,,,,,,,,,,,,,,,,,,,,,,,,,,,,,,,,,,,,
131.0,JP,131.0,,,,,,,,,,,,,,,,,,,,,,,,,,,,,,,,,,,,,,,,,,,,,,,,,,,,,,,,,,,,,,,,,,,,,,,,,,
137.0,JP,137.0,,,,,,,,,,,,,,,,,,,,,,,,,,,,,,,,,,,,,,,,,,,,,,,,,,,,,,,,,,,,,,,,,,,,,,,,,,
143.0,JK,143.0,,,,,,,,,,,,,,,,,,,,,,,,,,,,,,,,,,,,,,,,,,,,,,,,,,,,,,,,,,,,,,,,,,,,,,,,,,
145.0,TE,145.0,,,,,,,,,,,,,,,,,,,,,,,,,,,,,,,,,,,,,,,,,,,,,,,,,,,,,,,,,,,,,,,,,,,,,,,,,,
147.0,IÄ,147.0,,,,,,,,,,,,,,,,,,,,,,,,,,,,,,,,,,,,,,,,,,,,,,,,,,,,,,,,,,,,,,,,,,,,,,,,,,
151.0,MT,151.0,,,,,,,,,,,,,,,,,,,,,,,,,,,,,,,,,,,,,,,,,,,,,,,,,,,,,,,,,,,,,,,,,,,,,,,,,,
157.0,PP,157.0,,,,,,,,,,,,,,,,,,,,,,,,,,,,,,,,,,,,,,,,,,,,,,,,,,,,,,,,,,,,,,,,,,,,,,,,,,
158.0,TE,158.0,,,,,,,,,,,,,,,,,,,,,,,,,,,,,,,,,,,,,,,,,,,,,,,,,,,,,,,,,,,,,,,,,,,,,,,,,,
165.0,MT,165.0,,,,,,,,,,,,,,,,,,,,,,,,,,,,,,,,,,,,,,,,,,,,,,,,,,,,,,,,,,,,,,,,,,,,,,,,,,
166.0,MT,166.0,,,,,,,,,,,,,,,,,,,,,,,,,,,,,,,,,,,,,,,,,,,,,,,,,,,,,,,,,,,,,,,,,,,,,,,,,,
169.0,VK,169.0,,,,,,,,,,,,,,,,,,,,,,,,,,,,,,,,,,,,,,,,,,,,,,,,,,,,,,,,,,,,,,,,,,,,,,,,,,
170.0,JH,170.0,,,,,,,,,,,,,,,,,,,,,,,,,,,,,,,,,,,,,,,,,,,,,,,,,,,,,,,,,,,,,,,,,,,,,,,,,,
202.0,TE,202.0,,,,,,,,,,,,,,,,,,,,,,,,,,,,,,,,,,,,,,,,,,,,,,,,,,,,,,,,,,,,,,,,,,,,,,,,,,
209.0,IÄ,209.0,,,,,,,,,,,,,,,,,,,,,,,,,,,,,,,,,,,,,,,,,,,,,,,,,,,,,,,,,,,,,,,,,,,,,,,,,,
214.0,IÄ,214.0,,,,,,,,,,,,,,,,,,,,,,,,,,,,,,,,,,,,,,,,,,,,,,,,,,,,,,,,,,,,,,,,,,,,,,,,,,
216.0,IÄ,216.0,,,,,,,,,,,,,,,,,,,,,,,,,,,,,,,,,,,,,,,,,,,,,,,,,,,,,,,,,,,,,,,,,,,,,,,,,,
219.0,MT,219.0,,,,,,,,,,,,,,,,,,,,,,,,,,,,,,,,,,,,,,,,,,,,,,,,,,,,,,,,,,,,,,,,,,,,,,,,,,
224.0,MT,224.0,,,,,,,,,,,,,,,,,,,,,,,,,,,,,,,,,,,,,,,,,,,,,,,,,,,,,,,,,,,,,,,,,,,,,,,,,,
238.0,PP,238.0,,,,,,,,,,,,,,,,,,,,,,,,,,,,,,,,,,,,,,,,,,,,,,,,,,,,,,,,,,,,,,,,,,,,,,,,,,
247.0,JP,247.0,,,,,,,,,,,,,,,,,,,,,,,,,,,,,,,,,,,,,,,,,,,,,,,,,,,,,,,,,,,,,,,,,,,,,,,,,,
251.0,JK,251.0,,,,,,,,,,,,,,,,,,,,,,,,,,,,,,,,,,,,,,,,,,,,,,,,,,,,,,,,,,,,,,,,,,,,,,,,,,
256.0,TE,256.0,,,,,,,,,,,,,,,,,,,,,,,,,,,,,,,,,,,,,,,,,,,,,,,,,,,,,,,,,,,,,,,,,,,,,,,,,,
271.0,MT,271.0,,,,,,,,,,,,,,,,,,,,,,,,,,,,,,,,,,,,,,,,,,,,,,,,,,,,,,,,,,,,,,,,,,,,,,,,,,
310.0,TE,310.0,,,,,,,,,,,,,,,,,,,,,,,,,,,,,,,,,,,,,,,,,,,,,,,,,,,,,,,,,,,,,,,,,,,,,,,,,,
317.0,JK,317.0,,,,,,,,,,,,,,,,,,,,,,,,,,,,,,,,,,,,,,,,,,,,,,,,,,,,,,,,,,,,,,,,,,,,,,,,,,
318.0,JP,318.0,,,,,,,,,,,,,,,,,,,,,,,,,,,,,,,,,,,,,,,,,,,,,,,,,,,,,,,,,,,,,,,,,,,,,,,,,,
321.0,JH,321.0,,,,,,,,,,,,,,,,,,,,,,,,,,,,,,,,,,,,,,,,,,,,,,,,,,,,,,,,,,,,,,,,,,,,,,,,,,
340.0,MT,340.0,,,,,,,,,,,,,,,,,,,,,,,,,,,,,,,,,,,,,,,,,,,,,,,,,,,,,,,,,,,,,,,,,,,,,,,,,,
363.0,TE,363.0,,,,,,,,,,,,,,,,,,,,,,,,,,,,,,,,,,,,,,,,,,,,,,,,,,,,,,,,,,,,,,,,,,,,,,,,,,
364.0,TE,364.0,,,,,,,,,,,,,,,,,,,,,,,,,,,,,,,,,,,,,,,,,,,,,,,,,,,,,,,,,,,,,,,,,,,,,,,,,,
372.0,PP,372.0,,,,,,,,,,,,,,,,,,,,,,,,,,,,,,,,,,,,,,,,,,,,,,,,,,,,,,,,,,,,,,,,,,,,,,,,,,
401.0,MT,401.0,,,,,,,,,,,,,,,,,,,,,,,,,,,,,,,,,,,,,,,,,,,,,,,,,,,,,,,,,,,,,,,,,,,,,,,,,,
406.0,JK,406.0,,,,,,,,,,,,,,,,,,,,,,,,,,,,,,,,,,,,,,,,,,,,,,,,,,,,,,,,,,,,,,,,,,,,,,,,,,
408.0,JK,408.0,,,,,,,,,,,,,,,,,,,,,,,,,,,,,,,,,,,,,,,,,,,,,,,,,,,,,,,,,,,,,,,,,,,,,,,,,,
414.0,VK,414.0,,,,,,,,,,,,,,,,,,,,,,,,,,,,,,,,,,,,,,,,,,,,,,,,,,,,,,,,,,,,,,,,,,,,,,,,,,
420.0,MT,420.0,,,,,,,,,,,,,,,,,,,,,,,,,,,,,,,,,,,,,,,,,,,,,,,,,,,,,,,,,,,,,,,,,,,,,,,,,,
429.0,VK,429.0,,,,,,,,,,,,,,,,,,,,,,,,,,,,,,,,,,,,,,,,,,,,,,,,,,,,,,,,,,,,,,,,,,,,,,,,,,
433.0,IÄ,433.0,,,,,,,,,,,,,,,,,,,,,,,,,,,,,,,,,,,,,,,,,,,,,,,,,,,,,,,,,,,,,,,,,,,,,,,,,,
438.0,IÄ,438.0,,,,,,,,,,,,,,,,,,,,,,,,,,,,,,,,,,,,,,,,,,,,,,,,,,,,,,,,,,,,,,,,,,,,,,,,,,
508.0,TE,508.0,,,,,,,,,,,,,,,,,,,,,,,,,,,,,,,,,,,,,,,,,,,,,,,,,,,,,,,,,,,,,,,,,,,,,,,,,,
511.0,JH,511.0,,,,,,,,,,,,,,,,,,,,,,,,,,,,,,,,,,,,,,,,,,,,,,,,,,,,,,,,,,,,,,,,,,,,,,,,,,
516.0,JH,516.0,,,,,,,,,,,,,,,,,,,,,,,,,,,,,,,,,,,,,,,,,,,,,,,,,,,,,,,,,,,,,,,,,,,,,,,,,,
518.0,PP,518.0,,,,,,,,,,,,,,,,,,,,,,,,,,,,,,,,,,,,,,,,,,,,,,,,,,,,,,,,,,,,,,,,,,,,,,,,,,
519.0,IÄ,519.0,,,,,,,,,,,,,,,,,,,,,,,,,,,,,,,,,,,,,,,,,,,,,,,,,,,,,,,,,,,,,,,,,,,,,,,,,,
535.0,IÄ,535.0,,,,,,,,,,,,,,,,,,,,,,,,,,,,,,,,,,,,,,,,,,,,,,,,,,,,,,,,,,,,,,,,,,,,,,,,,,
539.0,VK,539.0,,,,,,,,,,,,,,,,,,,,,,,,,,,,,,,,,,,,,,,,,,,,,,,,,,,,,,,,,,,,,,,,,,,,,,,,,,
572.0,MT,572.0,,,,,,,,,,,,,,,,,,,,,,,,,,,,,,,,,,,,,,,,,,,,,,,,,,,,,,,,,,,,,,,,,,,,,,,,,,
575.0,VK,575.0,,,,,,,,,,,,,,,,,,,,,,,,,,,,,,,,,,,,,,,,,,,,,,,,,,,,,,,,,,,,,,,,,,,,,,,,,,
581.0,VK,581.0,,,,,,,,,,,,,,,,,,,,,,,,,,,,,,,,,,,,,,,,,,,,,,,,,,,,,,,,,,,,,,,,,,,,,,,,,,
619.0,JH,619.0,,,,,,,,,,,,,,,,,,,,,,,,,,,,,,,,,,,,,,,,,,,,,,,,,,,,,,,,,,,,,,,,,,,,,,,,,,
652.0,JH,652.0,,,,,,,,,,,,,,,,,,,,,,,,,,,,,,,,,,,,,,,,,,,,,,,,,,,,,,,,,,,,,,,,,,,,,,,,,,
659.0,JH,659.0,,,,,,,,,,,,,,,,,,,,,,,,,,,,,,,,,,,,,,,,,,,,,,,,,,,,,,,,,,,,,,,,,,,,,,,,,,
668.0,JP,668.0,,,,,,,,,,,,,,,,,,,,,,,,,,,,,,,,,,,,,,,,,,,,,,,,,,,,,,,,,,,,,,,,,,,,,,,,,,
673.0,PP,673.0,,,,,,,,,,,,,,,,,,,,,,,,,,,,,,,,,,,,,,,,,,,,,,,,,,,,,,,,,,,,,,,,,,,,,,,,,,
688.0,JP,688.0,,,,,,,,,,,,,,,,,,,,,,,,,,,,,,,,,,,,,,,,,,,,,,,,,,,,,,,,,,,,,,,,,,,,,,,,,,
800.0,JP,800.0,,,,,,,,,,,,,,,,,,,,,,,,,,,,,,,,,,,,,,,,,,,,,,,,,,,,,,,,,,,,,,,,,,,,,,,,,,
816.0,MT,816.0,,,,,,,,,,,,,,,,,,,,,,,,,,,,,,,,,,,,,,,,,,,,,,,,,,,,,,,,,,,,,,,,,,,,,,,,,,
821.0,PP,821.0,,,,,,,,,,,,,,,,,,,,,,,,,,,,,,,,,,,,,,,,,,,,,,,,,,,,,,,,,,,,,,,,,,,,,,,,,,
851.0,VK,851.0,,,,,,,,,,,,,,,,,,,,,,,,,,,,,,,,,,,,,,,,,,,,,,,,,,,,,,,,,,,,,,,,,,,,,,,,,,
853.0,VK,853.0,,,,,,,,,,,,,,,,,,,,,,,,,,,,,,,,,,,,,,,,,,,,,,,,,,,,,,,,,,,,,,,,,,,,,,,,,,
860.0,IÄ,860.0,,,,,,,,,,,,,,,,,,,,,,,,,,,,,,,,,,,,,,,,,,,,,,,,,,,,,,,,,,,,,,,,,,,,,,,,,,
862.0,JK,862.0,,,,,,,,,,,,,,,,,,,,,,,,,,,,,,,,,,,,,,,,,,,,,,,,,,,,,,,,,,,,,,,,,,,,,,,,,,
866.0,PP,866.0,,,,,,,,,,,,,,,,,,,,,,,,,,,,,,,,,,,,,,,,,,,,,,,,,,,,,,,,,,,,,,,,,,,,,,,,,,
871.0,JP,871.0,,,,,,,,,,,,,,,,,,,,,,,,,,,,,,,,,,,,,,,,,,,,,,,,,,,,,,,,,,,,,,,,,,,,,,,,,,
886.0,IÄ,886.0,,,,,,,,,,,,,,,,,,,,,,,,,,,,,,,,,,,,,,,,,,,,,,,,,,,,,,,,,,,,,,,,,,,,,,,,,,
889.0,JP,889.0,,,,,,,,,,,,,,,,,,,,,,,,,,,,,,,,,,,,,,,,,,,,,,,,,,,,,,,,,,,,,,,,,,,,,,,,,,
895.0,IÄ,895.0,,,,,,,,,,,,,,,,,,,,,,,,,,,,,,,,,,,,,,,,,,,,,,,,,,,,,,,,,,,,,,,,,,,,,,,,,,
927.0,JH,927.0,,,,,,,,,,,,,,,,,,,,,,,,,,,,,,,,,,,,,,,,,,,,,,,,,,,,,,,,,,,,,,,,,,,,,,,,,,
951.0,PP,951.0,,,,,,,,,,,,,,,,,,,,,,,,,,,,,,,,,,,,,,,,,,,,,,,,,,,,,,,,,,,,,,,,,,,,,,,,,,
956.0,JK,956.0,,,,,,,,,,,,,,,,,,,,,,,,,,,,,,,,,,,,,,,,,,,,,,,,,,,,,,,,,,,,,,,,,,,,,,,,,,
502.0,,,502,ADOPO M.,C,C,CAGLIARI,,6.04,0.0,0.0,0.0,0.0,6.5,0.0,0.0,0.0,0.0,6.5,0.0,0.0,0.0,0.0,6.25,6.33,0.0,0.0,0.0,0.0,0.0,0.0,0.0,0.0,1.0,6.0,6.5,6.5,adopo m.,502,ADOPO M.,C,C,CAGLIARI,,6.04,0.0,0.0,0.0,0.0,6.5,0.0,0.0,0.0,0.0,6.5,0.0,0.0,0.0,0.0,6.25,6.33,0.0,0.0,0.0,0.0,0.0,0.0,0.0,0.0,1.0,6.0,6.5,6.5,adopo m.,adopo m.,100.0
504.0,,,504,AEBISCHER M.,C,C,PISA,,5.53,0.0,0.0,0.0,0.0,6.5,0.0,0.0,0.0,0.0,6.5,0.0,0.0,0.0,0.0,6.0,6.17,0.0,0.0,0.0,0.0,0.0,0.0,0.0,0.0,1.0,5.5,6.5,6.5,aebischer m.,504,AEBISCHER M.,C,C,PISA,,5.53,0.0,0.0,0.0,0.0,6.5,0.0,0.0,0.0,0.0,6.5,0.0,0.0,0.0,0.0,6.0,6.17,0.0,0.0,0.0,0.0,0.0,0.0,0.0,0.0,1.0,5.5,6.5,6.5,aebischer m.,aebischer m.,100.0
700.0,TE,700.0,700,AKINSANMIRO E.,C,C,PISA,15.0,5.53,0.0,0.0,0.0,0.0,6,0.0,0.0,0.0,0.0,6,0.0,0.0,0.0,0.0,5.75,5.83,0.0,0.0,0.0,0.0,0.0,0.0,0.0,0.0,0.0,5.5,6.0,6.0,akinsanmiro e.,700,AKINSANMIRO E.,C,C,PISA,15.0,5.53,0.0,0.0,0.0,0.0,6,0.0,0.0,0.0,0.0,6,0.0,0.0,0.0,0.0,5.75,5.83,0.0,0.0,0.0,0.0,0.0,0.0,0.0,0.0,0.0,5.5,6.0,6.0,akinsanmiro e.,akinsanmiro e.,100.0
,,,ALL.,ALLEGRI M.,ALL,ALL,MILAN,,5,,,,,5,,,,,5,,,,,,,0.0,0.0,,,,,,,,,,,allegri m.,ALL.,ALLEGRI M.,ALL,ALL,MILAN,,5,,,,,5,,,,,5,,,,,,,0.0,0.0,,,,,,,,,,,allegri m.,allegri m.,100.0
804.0,IÄ,804.0,804,ALMQVIST P.,A,A,PARMA,,6.04,0.0,0.0,0.0,0.0,7,0.0,0.0,0.0,0.0,6,0.0,0.0,0.0,0.0,6.5,6.33,0.0,0.0,0.0,0.0,0.0,0.0,0.0,0.0,1.0,6.0,7.0,6.0,almqvist p.,804,ALMQVIST P.,A,A,PARMA,,6.04,0.0,0.0,0.0,0.0,7,0.0,0.0,0.0,0.0,6,0.0,0.0,0.0,0.0,6.5,6.33,0.0,0.0,0.0,0.0,0.0,0.0,0.0,0.0,1.0,6.0,7.0,6.0,almqvist p.,almqvist p.,100.0
205.0,JP,205.0,205,ANGELINO J.,D,D,ROMA,,6.04,0.0,0.0,0.0,0.0,6.5,0.0,0.0,0.0,0.0,6,0.0,0.0,0.0,0.0,6.25,6.17,0.0,0.0,0.0,0.0,0.0,0.0,0.0,0.0,1.0,6.0,6.5,6.0,angelino j.,205,ANGELINO J.,D,D,ROMA,,6.04,0.0,0.0,0.0,0.0,6.5,0.0,0.0,0.0,0.0,6,0.0,0.0,0.0,0.0,6.25,6.17,0.0,0.0,0.0,0.0,0.0,0.0,0.0,0.0,1.0,6.0,6.5,6.0,angelino j.,angelino j.,100.0
206.0,JK,206.0,206,ANGORI S.,D,D,PISA,,7.04,0.0,0.0,0.0,0.0,6.5,0.0,0.0,0.0,0.0,6,0.0,0.0,0.0,0.0,6.75,6.5,0.0,0.0,0.0,0.0,0.0,0.0,0.0,0.0,1.0,7.0,6.5,6.0,angori s.,206,ANGORI S.,D,D,PISA,,7.04,0.0,0.0,0.0,0.0,6.5,0.0,0.0,0.0,0.0,6,0.0,0.0,0.0,0.0,6.75,6.5,0.0,0.0,0.0,0.0,0.0,0.0,0.0,0.0,1.0,7.0,6.5,6.0,angori s.,angori s.,100.0
507.0,JP,507.0,507,ANGUISSA A.,C,C,NAPOLI,,6.53,0.0,0.0,0.0,0.0,6.5,0.0,0.0,0.0,0.0,6.5,0.0,0.0,0.0,0.0,6.5,6.5,0.0,0.0,0.0,0.0,0.0,0.0,0.0,0.0,1.0,6.5,6.5,6.5,anguissa a.,507,ANGUISSA A.,C,C,NAPOLI,,6.53,0.0,0.0,0.0,0.0,6.5,0.0,0.0,0.0,0.0,6.5,0.0,0.0,0.0,0.0,6.5,6.5,0.0,0.0,0.0,0.0,0.0,0.0,0.0,0.0,1.0,6.5,6.5,6.5,anguissa a.,anguissa a.,100.0
100.0,,,100,AUDERO E.,P,P,CREMONESE,,6.04,0.0,1.0,0.0,0.0,6,0.0,1.0,0.0,0.0,6.5,0.0,1.0,0.0,0.0,6.0,6.17,0.0,0.0,0.0,0.0,0.0,0.0,0.0,0.0,1.0,5.0,5.0,5.5,audero e.,100,AUDERO E.,P,P,CREMONESE,,6.04,0.0,1.0,0.0,0.0,6,0.0,1.0,0.0,0.0,6.5,0.0,1.0,0.0,0.0,6.0,6.17,0.0,0.0,0.0,0.0,0.0,0.0,0.0,0.0,1.0,5.0,5.0,5.5,audero e.,audero e.,100.0
813.0,JH,813.0,813,BANDA L.,A,A,LECCE,,6.04,0.0,0.0,0.0,0.0,5.5,0.0,0.0,0.0,0.0,5.5,0.0,0.0,0.0,0.0,5.75,5.67,1.0,0.0,0.0,0.0,0.0,0.0,0.0,0.0,1.0,5.5,5.0,5.0,banda l.,813,BANDA L.,A,A,LECCE,,6.04,0.0,0.0,0.0,0.0,5.5,0.0,0.0,0.0,0.0,5.5,0.0,0.0,0.0,0.0,5.75,5.67,1.0,0.0,0.0,0.0,0.0,0.0,0.0,0.0,1.0,5.5,5.0,5.0,banda l.,banda l.,100.0
213.0,JP,213.0,213,BASCHIROTTO F.,D,D,CREMONESE,,8.04,1.0,0.0,0.0,0.0,8,1.0,0.0,0.0,0.0,8,1.0,0.0,0.0,0.0,8.0,8.0,0.0,0.0,0.0,0.0,0.0,0.0,0.0,0.0,1.0,11.0,11.0,11.0,baschirotto f.,213,BASCHIROTTO F.,D,D,CREMONESE,,8.04,1.0,0.0,0.0,0.0,8,1.0,0.0,0.0,0.0,8,1.0,0.0,0.0,0.0,8.0,8.0,0.0,0.0,0.0,0.0,0.0,0.0,0.0,0.0,1.0,11.0,11.0,11.0,baschirotto f.,baschirotto f.,100.0
215.0,JH,215.0,215,BELLANOVA R.,D,D,ATALANTA,,5.54,0.0,0.0,0.0,0.0,6,0.0,0.0,0.0,0.0,6,0.0,0.0,0.0,0.0,5.75,5.83,0.0,0.0,0.0,0.0,0.0,0.0,0.0,0.0,1.0,5.5,6.0,6.0,bellanova r.,215,BELLANOVA R.,D,D,ATALANTA,,5.54,0.0,0.0,0.0,0.0,6,0.0,0.0,0.0,0.0,6,0.0,0.0,0.0,0.0,5.75,5.83,0.0,0.0,0.0,0.0,0.0,0.0,0.0,0.0,1.0,5.5,6.0,6.0,bellanova r.,bellanova r.,100.0
817.0,VK,817.0,817,BENEDYCZAK A.,A,A,PARMA,,"s,v,",0.0,0.0,0.0,0.0,"s,v,",0.0,0.0,0.0,0.0,"s,v,",0.0,0.0,0.0,0.0,0.0,0.0,0.0,0.0,0.0,0.0,0.0,0.0,0.0,0.0,0.0,0.0,0.0,0.0,benedyczak a.,817,BENEDYCZAK A.,A,A,PARMA,,"s,v,",0.0,0.0,0.0,0.0,"s,v,",0.0,0.0,0.0,0.0,"s,v,",0.0,0.0,0.0,0.0,0.0,0.0,0.0,0.0,0.0,0.0,0.0,0.0,0.0,0.0,0.0,0.0,0.0,0.0,benedyczak a.,benedyczak a.,100.0
818.0,MT,818.0,818,BERARDI D.,A,A,SASSUOLO,,5.04,0.0,0.0,0.0,0.0,5.5,0.0,0.0,0.0,0.0,6,0.0,0.0,0.0,0.0,5.25,5.5,1.0,0.0,0.0,0.0,0.0,0.0,0.0,0.0,1.0,4.5,5.0,5.5,berardi d.,818,BERARDI D.,A,A,SASSUOLO,,5.04,0.0,0.0,0.0,0.0,5.5,0.0,0.0,0.0,0.0,6,0.0,0.0,0.0,0.0,5.25,5.5,1.0,0.0,0.0,0.0,0.0,0.0,0.0,0.0,1.0,4.5,5.0,5.5,berardi d.,berardi d.,100.0
522.0,,,522,BERISHA M.,C,C,LECCE,,5.53,0.0,0.0,0.0,0.0,5.5,0.0,0.0,0.0,0.0,6,0.0,0.0,0.0,0.0,5.5,5.67,0.0,0.0,0.0,0.0,0.0,0.0,0.0,0.0,1.0,5.5,5.5,6.0,berisha m.,522,BERISHA M.,C,C,LECCE,,5.53,0.0,0.0,0.0,0.0,5.5,0.0,0.0,0.0,0.0,6,0.0,0.0,0.0,0.0,5.5,5.67,0.0,0.0,0.0,0.0,0.0,0.0,0.0,0.0,1.0,5.5,5.5,6.0,berisha m.,berisha m.,100.0
523.0,PP,523.0,523,BERNABE A.,C,C,PARMA,,6.04,0.0,0.0,0.0,0.0,6,0.0,0.0,0.0,0.0,6,0.0,0.0,0.0,0.0,6.0,6.0,0.0,0.0,0.0,0.0,0.0,0.0,0.0,0.0,1.0,6.0,6.0,6.0,bernabe a.,523,BERNABE A.,C,C,PARMA,,6.04,0.0,0.0,0.0,0.0,6,0.0,0.0,0.0,0.0,6,0.0,0.0,0.0,0.0,6.0,6.0,0.0,0.0,0.0,0.0,0.0,0.0,0.0,0.0,1.0,6.0,6.0,6.0,bernabe a.,bernabe a.,100.0
698.0,,,698,BERNARDESCHI F.,C,C,BOLOGNA,,6.04,0.0,0.0,0.0,0.0,"s,v,",0.0,0.0,0.0,0.0,6.5,0.0,0.0,0.0,0.0,6.0,6.25,0.0,0.0,0.0,0.0,0.0,0.0,0.0,0.0,0.0,6.0,0.0,6.5,bernardeschi f.,698,BERNARDESCHI F.,C,C,BOLOGNA,,6.04,0.0,0.0,0.0,0.0,"s,v,",0.0,0.0,0.0,0.0,6.5,0.0,0.0,0.0,0.0,6.0,6.25,0.0,0.0,0.0,0.0,0.0,0.0,0.0,0.0,0.0,6.0,0.0,6.5,bernardeschi f.,bernardeschi f.,100.0
218.0,,,218,BIANCHETTI M.,D,D,CREMONESE,,6.53,0.0,0.0,0.0,0.0,7,0.0,0.0,0.0,0.0,7,0.0,0.0,0.0,0.0,6.75,6.83,0.0,0.0,0.0,0.0,0.0,0.0,0.0,0.0,1.0,6.5,7.0,7.0,bianchetti m.,218,BIANCHETTI M.,D,D,CREMONESE,,6.53,0.0,0.0,0.0,0.0,7,0.0,0.0,0.0,0.0,7,0.0,0.0,0.0,0.0,6.75,6.83,0.0,0.0,0.0,0.0,0.0,0.0,0.0,0.0,1.0,6.5,7.0,7.0,bianchetti m.,bianchetti m.,100.0
527.0,,,527,BOLOCA D.,C,C,SASSUOLO,,5.53,0.0,0.0,0.0,0.0,5,0.0,0.0,0.0,0.0,6,0.0,0.0,0.0,0.0,5.25,5.5,0.0,0.0,0.0,0.0,0.0,0.0,0.0,0.0,1.0,5.5,5.0,6.0,boloca d.,527,BOLOCA D.,C,C,SASSUOLO,,5.53,0.0,0.0,0.0,0.0,5,0.0,0.0,0.0,0.0,6,0.0,0.0,0.0,0.0,5.25,5.5,0.0,0.0,0.0,0.0,0.0,0.0,0.0,0.0,1.0,5.5,5.0,6.0,boloca d.,boloca d.,100.0
819.0,VK,819.0,819,BONAZZOLI F.,A,A,CREMONESE,,8.04,1.0,0.0,0.0,0.0,7.5,1.0,0.0,0.0,0.0,7.5,1.0,0.0,0.0,0.0,7.75,7.67,0.0,0.0,1.0,0.0,0.0,0.0,0.0,0.0,1.0,11.0,10.5,10.5,bonazzoli f.,819,BONAZZOLI F.,A,A,CREMONESE,,8.04,1.0,0.0,0.0,0.0,7.5,1.0,0.0,0.0,0.0,7.5,1.0,0.0,0.0,0.0,7.75,7.67,0.0,0.0,1.0,0.0,0.0,0.0,0.0,0.0,1.0,11.0,10.5,10.5,bonazzoli f.,bonazzoli f.,100.0
528.0,JP,528.0,528,BONDO W.,C,C,CREMONESE,15.0,6.04,0.0,0.0,0.0,0.0,6,0.0,0.0,0.0,0.0,6,0.0,0.0,0.0,0.0,6.0,6.0,1.0,0.0,0.0,0.0,0.0,0.0,0.0,0.0,0.0,5.5,5.5,5.5,bondo w.,528,BONDO W.,C,C,CREMONESE,15.0,6.04,0.0,0.0,0.0,0.0,6,0.0,0.0,0.0,0.0,6,0.0,0.0,0.0,0.0,6.0,6.0,1.0,0.0,0.0,0.0,0.0,0.0,0.0,0.0,0.0,5.5,5.5,5.5,bondo w.,bondo w.,100.0
822.0,,,822,BORRELLI G.,A,A,CAGLIARI,,6.53,0.0,0.0,0.0,0.0,6.5,0.0,0.0,0.0,0.0,6.5,0.0,0.0,0.0,0.0,6.5,6.5,1.0,0.0,0.0,0.0,0.0,0.0,0.0,0.0,1.0,6.0,6.0,6.0,borrelli g.,822,BORRELLI G.,A,A,CAGLIARI,,6.53,0.0,0.0,0.0,0.0,6.5,0.0,0.0,0.0,0.0,6.5,0.0,0.0,0.0,0.0,6.5,6.5,1.0,0.0,0.0,0.0,0.0,0.0,0.0,0.0,1.0,6.0,6.0,6.0,borrelli g.,borrelli g.,100.0
223.0,PP,223.0,223,BREMER G.,D,D,JUVENTUS,,7.04,0.0,0.0,0.0,0.0,7,0.0,0.0,0.0,0.0,7,0.0,0.0,0.0,0.0,7.0,7.0,0.0,0.0,0.0,0.0,0.0,0.0,0.0,0.0,1.0,7.0,7.0,7.0,bremer g.,223,BREMER G.,D,D,JUVENTUS,,7.04,0.0,0.0,0.0,0.0,7,0.0,0.0,0.0,0.0,7,0.0,0.0,0.0,0.0,7.0,7.0,0.0,0.0,0.0,0.0,0.0,0.0,0.0,0.0,1.0,7.0,7.0,7.0,bremer g.,bremer g.,100.0
103.0,MT,103.0,103,BUTEZ J.,P,P,COMO,,6.04,0.0,0.0,0.0,0.0,6,0.0,0.0,0.0,0.0,6,0.0,0.0,0.0,0.0,6.0,6.0,0.0,0.0,0.0,0.0,0.0,0.0,0.0,0.0,1.0,6.0,6.0,6.0,butez j.,103,BUTEZ J.,P,P,COMO,,6.04,0.0,0.0,0.0,0.0,6,0.0,0.0,0.0,0.0,6,0.0,0.0,0.0,0.0,6.0,6.0,0.0,0.0,0.0,0.0,0.0,0.0,0.0,0.0,1.0,6.0,6.0,6.0,butez j.,butez j.,100.0
227.0,,,227,CALABRESI A.,D,D,PISA,,"s,v,",0.0,0.0,0.0,0.0,6,0.0,0.0,0.0,0.0,"s,v,",0.0,0.0,0.0,0.0,6.0,6.0,0.0,0.0,0.0,0.0,0.0,0.0,0.0,0.0,0.0,0.0,6.0,0.0,calabresi a.,227,CALABRESI A.,D,D,PISA,,"s,v,",0.0,0.0,0.0,0.0,6,0.0,0.0,0.0,0.0,"s,v,",0.0,0.0,0.0,0.0,6.0,6.0,0.0,0.0,0.0,0.0,0.0,0.0,0.0,0.0,0.0,0.0,6.0,0.0,calabresi a.,calabresi a.,100.0
829.0,TE,829.0,829,CAMARDA F.,A,A,LECCE,,5.53,0.0,0.0,0.0,0.0,5.5,0.0,0.0,0.0,0.0,5,0.0,0.0,0.0,0.0,5.5,5.33,0.0,0.0,0.0,0.0,0.0,0.0,0.0,0.0,1.0,5.5,5.5,5.0,camarda f.,829,CAMARDA F.,A,A,LECCE,,5.53,0.0,0.0,0.0,0.0,5.5,0.0,0.0,0.0,0.0,5,0.0,0.0,0.0,0.0,5.5,5.33,0.0,0.0,0.0,0.0,0.0,0.0,0.0,0.0,1.0,5.5,5.5,5.0,camarda f.,camarda f.,100.0
830.0,JK,830.0,830,CAMBIAGHI N.,A,A,BOLOGNA,,5.53,0.0,0.0,0.0,0.0,5.5,0.0,0.0,0.0,0.0,6.5,0.0,0.0,0.0,0.0,5.5,5.83,0.0,0.0,0.0,0.0,0.0,0.0,0.0,0.0,1.0,5.5,5.5,6.5,cambiaghi n.,830,CAMBIAGHI N.,A,A,BOLOGNA,,5.53,0.0,0.0,0.0,0.0,5.5,0.0,0.0,0.0,0.0,6.5,0.0,0.0,0.0,0.0,5.5,5.83,0.0,0.0,0.0,0.0,0.0,0.0,0.0,0.0,1.0,5.5,5.5,6.5,cambiaghi n.,cambiaghi n.,100.0
228.0,PP,228.0,228,CAMBIASO A.,D,D,JUVENTUS,,5.04,0.0,0.0,0.0,0.0,4,0.0,0.0,0.0,0.0,5,0.0,0.0,0.0,0.0,4.5,4.67,0.0,1.0,0.0,0.0,0.0,0.0,0.0,0.0,1.0,4.0,3.0,4.0,cambiaso a.,228,CAMBIASO A.,D,D,JUVENTUS,,5.04,0.0,0.0,0.0,0.0,4,0.0,0.0,0.0,0.0,5,0.0,0.0,0.0,0.0,4.5,4.67,0.0,1.0,0.0,0.0,0.0,0.0,0.0,0.0,1.0,4.0,3.0,4.0,cambiaso a.,cambiaso a.,100.0
831.0,MT,831.0,831,CANCELLIERI M.,A,A,LAZIO,,5.04,0.0,0.0,0.0,0.0,4.5,0.0,0.0,0.0,0.0,5,0.0,0.0,0.0,0.0,4.75,4.83,0.0,0.0,0.0,0.0,0.0,0.0,0.0,0.0,1.0,5.0,4.5,5.0,cancellieri m.,831,CANCELLIERI M.,A,A,LAZIO,,5.04,0.0,0.0,0.0,0.0,4.5,0.0,0.0,0.0,0.0,5,0.0,0.0,0.0,0.0,4.75,4.83,0.0,0.0,0.0,0.0,0.0,0.0,0.0,0.0,1.0,5.0,4.5,5.0,cancellieri m.,cancellieri m.,100.0
432.0,,,432,CANDE F.,D,D,SASSUOLO,,"s,v,",0.0,0.0,0.0,0.0,"s,v,",0.0,0.0,0.0,0.0,"s,v,",0.0,0.0,0.0,0.0,0.0,0.0,0.0,0.0,0.0,0.0,0.0,0.0,0.0,0.0,0.0,0.0,0.0,0.0,cande f.,432,CANDE F.,D,D,SASSUOLO,,"s,v,",0.0,0.0,0.0,0.0,"s,v,",0.0,0.0,0.0,0.0,"s,v,",0.0,0.0,0.0,0.0,0.0,0.0,0.0,0.0,0.0,0.0,0.0,0.0,0.0,0.0,0.0,0.0,0.0,0.0,cande f.,cande f.,100.0
229.0,,,229,CANESTRELLI S.,D,D,PISA,,6.04,0.0,0.0,0.0,0.0,6.5,0.0,0.0,0.0,0.0,5.5,0.0,0.0,0.0,0.0,6.25,6.0,0.0,0.0,0.0,0.0,0.0,0.0,0.0,0.0,1.0,6.0,6.5,5.5,canestrelli s.,229,CANESTRELLI S.,D,D,PISA,,6.04,0.0,0.0,0.0,0.0,6.5,0.0,0.0,0.0,0.0,5.5,0.0,0.0,0.0,0.0,6.25,6.0,0.0,0.0,0.0,0.0,0.0,0.0,0.0,0.0,1.0,6.0,6.5,5.5,canestrelli s.,canestrelli s.,100.0
104.0,JK,104.0,104,CAPRILE E.,P,P,CAGLIARI,,6.04,0.0,1.0,0.0,0.0,6,0.0,1.0,0.0,0.0,6,0.0,1.0,0.0,0.0,6.0,6.0,0.0,0.0,0.0,0.0,0.0,0.0,0.0,0.0,1.0,5.0,5.0,5.0,caprile e.,104,CAPRILE E.,P,P,CAGLIARI,,6.04,0.0,1.0,0.0,0.0,6,0.0,1.0,0.0,0.0,6,0.0,1.0,0.0,0.0,6.0,6.0,0.0,0.0,0.0,0.0,0.0,0.0,0.0,0.0,1.0,5.0,5.0,5.0,caprile e.,caprile e.,100.0
537.0,VK,537.0,537,CAQUERET M.,C,C,COMO,,6.53,0.0,0.0,0.0,0.0,"s,v,",0.0,0.0,0.0,0.0,"s,v,",0.0,0.0,0.0,0.0,6.5,6.5,0.0,0.0,0.0,0.0,0.0,0.0,0.0,0.0,0.0,6.5,0.0,0.0,caqueret m.,537,CAQUERET M.,C,C,COMO,,6.53,0.0,0.0,0.0,0.0,"s,v,",0.0,0.0,0.0,0.0,"s,v,",0.0,0.0,0.0,0.0,6.5,6.5,0.0,0.0,0.0,0.0,0.0,0.0,0.0,0.0,0.0,6.5,0.0,0.0,caqueret m.,caqueret m.,100.0
230.0,,,230,CARACCIOLO A.,D,D,PISA,,6.53,0.0,0.0,0.0,0.0,6.5,0.0,0.0,0.0,0.0,6,0.0,0.0,0.0,0.0,6.5,6.33,0.0,0.0,0.0,0.0,0.0,0.0,0.0,0.0,1.0,6.5,6.5,6.0,caracciolo a.,230,CARACCIOLO A.,D,D,PISA,,6.53,0.0,0.0,0.0,0.0,6.5,0.0,0.0,0.0,0.0,6,0.0,0.0,0.0,0.0,6.5,6.33,0.0,0.0,0.0,0.0,0.0,0.0,0.0,0.0,1.0,6.5,6.5,6.0,caracciolo a.,caracciolo a.,100.0
538.0,JK,538.0,538,CARBONI V.,C,C,GENOA,,6.04,0.0,0.0,0.0,0.0,6,0.0,0.0,0.0,0.0,6,0.0,0.0,0.0,0.0,6.0,6.0,0.0,0.0,0.0,0.0,0.0,0.0,0.0,0.0,1.0,6.0,6.0,6.0,carboni v.,538,CARBONI V.,C,C,GENOA,,6.04,0.0,0.0,0.0,0.0,6,0.0,0.0,0.0,0.0,6,0.0,0.0,0.0,0.0,6.0,6.0,0.0,0.0,0.0,0.0,0.0,0.0,0.0,0.0,1.0,6.0,6.0,6.0,carboni v.,carboni v.,100.0
105.0,TE,105.0,105,CARNESECCHI M.,P,P,ATALANTA,,6.54,0.0,1.0,0.0,0.0,6.5,0.0,1.0,0.0,0.0,6.5,0.0,1.0,0.0,0.0,6.5,6.5,0.0,0.0,0.0,0.0,0.0,0.0,0.0,0.0,1.0,5.5,5.5,5.5,carnesecchi m.,105,CARNESECCHI M.,P,P,ATALANTA,,6.54,0.0,1.0,0.0,0.0,6.5,0.0,1.0,0.0,0.0,6.5,0.0,1.0,0.0,0.0,6.5,6.5,0.0,0.0,0.0,0.0,0.0,0.0,0.0,0.0,1.0,5.5,5.5,5.5,carnesecchi m.,carnesecchi m.,100.0
232.0,,,232,CASALE N.,D,D,BOLOGNA,,5.04,0.0,0.0,0.0,0.0,5,0.0,0.0,0.0,0.0,4.5,0.0,0.0,0.0,0.0,5.0,4.83,0.0,0.0,0.0,0.0,0.0,0.0,0.0,0.0,1.0,5.0,5.0,4.5,casale n.,232,CASALE N.,D,D,BOLOGNA,,5.04,0.0,0.0,0.0,0.0,5,0.0,0.0,0.0,0.0,4.5,0.0,0.0,0.0,0.0,5.0,4.83,0.0,0.0,0.0,0.0,0.0,0.0,0.0,0.0,1.0,5.0,5.0,4.5,casale n.,casale n.,100.0
833.0,TE,833.0,833,CASTELLANOS V.,A,A,LAZIO,,5.53,0.0,0.0,0.0,0.0,5,0.0,0.0,0.0,0.0,5,0.0,0.0,0.0,0.0,5.25,5.17,1.0,0.0,0.0,0.0,0.0,0.0,0.0,0.0,1.0,5.0,4.5,4.5,castellanos v.,833,CASTELLANOS V.,A,A,LAZIO,,5.53,0.0,0.0,0.0,0.0,5,0.0,0.0,0.0,0.0,5,0.0,0.0,0.0,0.0,5.25,5.17,1.0,0.0,0.0,0.0,0.0,0.0,0.0,0.0,1.0,5.0,4.5,4.5,castellanos v.,castellanos v.,100.0
834.0,,,834,CASTRO S.,A,A,BOLOGNA,15.0,6.53,0.0,0.0,0.0,0.0,6,0.0,0.0,0.0,0.0,6.5,0.0,0.0,0.0,0.0,6.25,6.33,0.0,0.0,0.0,0.0,0.0,0.0,0.0,0.0,0.0,6.5,6.0,6.5,castro s.,834,CASTRO S.,A,A,BOLOGNA,15.0,6.53,0.0,0.0,0.0,0.0,6,0.0,0.0,0.0,0.0,6.5,0.0,0.0,0.0,0.0,6.25,6.33,0.0,0.0,0.0,0.0,0.0,0.0,0.0,0.0,0.0,6.5,6.0,6.5,castro s.,castro s.,100.0
542.0,,,542,CATALDI D.,C,C,LAZIO,,4.53,0.0,0.0,0.0,0.0,4.5,0.0,0.0,0.0,0.0,5,0.0,0.0,0.0,0.0,4.5,4.67,0.0,0.0,0.0,0.0,0.0,0.0,0.0,0.0,1.0,4.5,4.5,5.0,cataldi d.,542,CATALDI D.,C,C,LAZIO,,4.53,0.0,0.0,0.0,0.0,4.5,0.0,0.0,0.0,0.0,5,0.0,0.0,0.0,0.0,4.5,4.67,0.0,0.0,0.0,0.0,0.0,0.0,0.0,0.0,1.0,4.5,4.5,5.0,cataldi d.,cataldi d.,100.0
233.0,,,233,CECCHERINI F.,D,D,CREMONESE,,"s,v,",0.0,0.0,0.0,0.0,"s,v,",0.0,0.0,0.0,0.0,"s,v,",0.0,0.0,0.0,0.0,0.0,0.0,0.0,0.0,0.0,0.0,0.0,0.0,0.0,0.0,0.0,0.0,0.0,0.0,ceccherini f.,233,CECCHERINI F.,D,D,CREMONESE,,"s,v,",0.0,0.0,0.0,0.0,"s,v,",0.0,0.0,0.0,0.0,"s,v,",0.0,0.0,0.0,0.0,0.0,0.0,0.0,0.0,0.0,0.0,0.0,0.0,0.0,0.0,0.0,0.0,0.0,0.0,ceccherini f.,ceccherini f.,100.0
545.0,JH,545.0,545,CHUKWUEZE S.,C,C,MILAN,15.0,5.53,0.0,0.0,0.0,0.0,5.5,0.0,0.0,0.0,0.0,5.5,0.0,0.0,0.0,0.0,5.5,5.5,0.0,0.0,0.0,0.0,0.0,0.0,0.0,0.0,0.0,5.5,5.5,5.5,chukwueze s.,545,CHUKWUEZE S.,C,C,MILAN,15.0,5.53,0.0,0.0,0.0,0.0,5.5,0.0,0.0,0.0,0.0,5.5,0.0,0.0,0.0,0.0,5.5,5.5,0.0,0.0,0.0,0.0,0.0,0.0,0.0,0.0,0.0,5.5,5.5,5.5,chukwueze s.,chukwueze s.,100.0
235.0,,,235,CIRCATI A.,D,D,PARMA,,4.53,0.0,0.0,0.0,0.0,5.5,0.0,0.0,0.0,0.0,5,0.0,0.0,0.0,0.0,5.0,5.0,0.0,0.0,0.0,0.0,0.0,0.0,0.0,0.0,1.0,4.5,5.5,5.0,circati a.,235,CIRCATI A.,D,D,PARMA,,4.53,0.0,0.0,0.0,0.0,5.5,0.0,0.0,0.0,0.0,5,0.0,0.0,0.0,0.0,5.0,5.0,0.0,0.0,0.0,0.0,0.0,0.0,0.0,0.0,1.0,4.5,5.5,5.0,circati a.,circati a.,100.0
546.0,JK,546.0,546,COLLOCOLO M.,C,C,CREMONESE,,6.53,0.0,0.0,0.0,0.0,7,0.0,0.0,0.0,0.0,6.5,0.0,0.0,0.0,0.0,6.75,6.67,0.0,0.0,0.0,0.0,0.0,0.0,0.0,0.0,1.0,6.5,7.0,6.5,collocolo m.,546,COLLOCOLO M.,C,C,CREMONESE,,6.53,0.0,0.0,0.0,0.0,7,0.0,0.0,0.0,0.0,6.5,0.0,0.0,0.0,0.0,6.75,6.67,0.0,0.0,0.0,0.0,0.0,0.0,0.0,0.0,1.0,6.5,7.0,6.5,collocolo m.,collocolo m.,100.0
840.0,JK,840.0,840,COLOMBO L.,A,A,GENOA,,5.53,0.0,0.0,0.0,0.0,5.5,0.0,0.0,0.0,0.0,5,0.0,0.0,0.0,0.0,5.5,5.33,0.0,0.0,0.0,0.0,0.0,0.0,0.0,0.0,1.0,5.5,5.5,5.0,colombo l.,840,COLOMBO L.,A,A,GENOA,,5.53,0.0,0.0,0.0,0.0,5.5,0.0,0.0,0.0,0.0,5,0.0,0.0,0.0,0.0,5.5,5.33,0.0,0.0,0.0,0.0,0.0,0.0,0.0,0.0,1.0,5.5,5.5,5.0,colombo l.,colombo l.,100.0
240.0,VK,240.0,240,COMUZZO P.,D,D,FIORENTINA,,6.04,0.0,0.0,0.0,0.0,5.5,0.0,0.0,0.0,0.0,6,0.0,0.0,0.0,0.0,5.75,5.83,0.0,0.0,0.0,0.0,0.0,0.0,0.0,0.0,1.0,6.0,5.5,6.0,comuzzo p.,240,COMUZZO P.,D,D,FIORENTINA,,6.04,0.0,0.0,0.0,0.0,5.5,0.0,0.0,0.0,0.0,6,0.0,0.0,0.0,0.0,5.75,5.83,0.0,0.0,0.0,0.0,0.0,0.0,0.0,0.0,1.0,6.0,5.5,6.0,comuzzo p.,comuzzo p.,100.0
968.0,IÄ,968.0,968,CONCEICAO F.,A,A,JUVENTUS,,6.53,0.0,0.0,0.0,0.0,7,0.0,0.0,0.0,0.0,6.5,0.0,0.0,0.0,0.0,6.75,6.67,0.0,0.0,0.0,0.0,0.0,0.0,0.0,0.0,1.0,6.5,7.0,6.5,conceicao f.,968,CONCEICAO F.,A,A,JUVENTUS,,6.53,0.0,0.0,0.0,0.0,7,0.0,0.0,0.0,0.0,6.5,0.0,0.0,0.0,0.0,6.75,6.67,0.0,0.0,0.0,0.0,0.0,0.0,0.0,0.0,1.0,6.5,7.0,6.5,conceicao f.,conceicao f.,100.0
,,,ALL.,CONTE A.,ALL,ALL,NAPOLI,,7,,,,,7,,,,,7,,,,,,,0.0,0.0,,,,,,,,,,,conte a.,ALL.,CONTE A.,ALL,ALL,NAPOLI,,7,,,,,7,,,,,7,,,,,,,0.0,0.0,,,,,,,,,,,conte a.,conte a.,100.0
548.0,,,548,COULIBALY L.,C,C,LECCE,,6.04,0.0,0.0,0.0,0.0,6,0.0,0.0,0.0,0.0,6,0.0,0.0,0.0,0.0,6.0,6.0,0.0,0.0,0.0,0.0,0.0,0.0,0.0,0.0,1.0,6.0,6.0,6.0,coulibaly l.,548,COULIBALY L.,C,C,LECCE,,6.04,0.0,0.0,0.0,0.0,6,0.0,0.0,0.0,0.0,6,0.0,0.0,0.0,0.0,6.0,6.0,0.0,0.0,0.0,0.0,0.0,0.0,0.0,0.0,1.0,6.0,6.0,6.0,coulibaly l.,coulibaly l.,100.0
549.0,TE,549.0,549,CRISTANTE B.,C,C,ROMA,,6.53,0.0,0.0,0.0,0.0,7,0.0,0.0,0.0,0.0,6.5,0.0,0.0,0.0,0.0,6.75,6.67,0.0,0.0,0.0,0.0,0.0,0.0,0.0,0.0,1.0,6.5,7.0,6.5,cristante b.,549,CRISTANTE B.,C,C,ROMA,,6.53,0.0,0.0,0.0,0.0,7,0.0,0.0,0.0,0.0,6.5,0.0,0.0,0.0,0.0,6.75,6.67,0.0,0.0,0.0,0.0,0.0,0.0,0.0,0.0,1.0,6.5,7.0,6.5,cristante b.,cristante b.,100.0
243.0,,,243,CUADRADO J.,D,D,PISA,15.0,6.04,0.0,0.0,0.0,0.0,6,0.0,0.0,0.0,0.0,5.5,0.0,0.0,0.0,0.0,6.0,5.83,0.0,0.0,0.0,0.0,0.0,0.0,0.0,0.0,0.0,6.0,6.0,5.5,cuadrado j.,243,CUADRADO J.,D,D,PISA,15.0,6.04,0.0,0.0,0.0,0.0,6,0.0,0.0,0.0,0.0,5.5,0.0,0.0,0.0,0.0,6.0,5.83,0.0,0.0,0.0,0.0,0.0,0.0,0.0,0.0,0.0,6.0,6.0,5.5,cuadrado j.,cuadrado j.,100.0
,,,ALL.,CUESTA C.,ALL,ALL,PARMA,,5.5,,,,,6,,,,,6,,,,,,,0.0,0.0,,,,,,,,,,,cuesta c.,ALL.,CUESTA C.,ALL,ALL,PARMA,,5.5,,,,,6,,,,,6,,,,,,,0.0,0.0,,,,,,,,,,,cuesta c.,cuesta c.,100.0
551.0,IÄ,551.0,551,DA CUNHA L.,C,C,COMO,,7.04,0.0,0.0,0.0,0.0,7.5,0.0,0.0,0.0,0.0,6,0.0,0.0,0.0,0.0,7.25,6.83,0.0,0.0,0.0,0.0,0.0,0.0,0.0,0.0,1.0,7.0,7.5,6.0,da cunha l.,551,DA CUNHA L.,C,C,COMO,,7.04,0.0,0.0,0.0,0.0,7.5,0.0,0.0,0.0,0.0,6,0.0,0.0,0.0,0.0,7.25,6.83,0.0,0.0,0.0,0.0,0.0,0.0,0.0,0.0,1.0,7.0,7.5,6.0,da cunha l.,da cunha l.,100.0
845.0,PP,845.0,845,DAVID J.,A,A,JUVENTUS,,7.04,1.0,0.0,0.0,0.0,7,1.0,0.0,0.0,0.0,7,1.0,0.0,0.0,0.0,7.0,7.0,0.0,0.0,1.0,0.0,0.0,0.0,0.0,0.0,1.0,10.0,10.0,10.0,david j.,845,DAVID J.,A,A,JUVENTUS,,7.04,1.0,0.0,0.0,0.0,7,1.0,0.0,0.0,0.0,7,1.0,0.0,0.0,0.0,7.0,7.0,0.0,0.0,1.0,0.0,0.0,0.0,0.0,0.0,1.0,10.0,10.0,10.0,david j.,david j.,100.0
553.0,TE,553.0,553,DE BRUYNE K.,C,C,NAPOLI,,7.04,1.0,0.0,0.0,0.0,7,1.0,0.0,0.0,0.0,7,1.0,0.0,0.0,0.0,7.0,7.0,0.0,0.0,0.0,0.0,0.0,0.0,0.0,0.0,1.0,10.0,10.0,10.0,de bruyne k.,553,DE BRUYNE K.,C,C,NAPOLI,,7.04,1.0,0.0,0.0,0.0,7,1.0,0.0,0.0,0.0,7,1.0,0.0,0.0,0.0,7.0,7.0,0.0,0.0,0.0,0.0,0.0,0.0,0.0,0.0,1.0,10.0,10.0,10.0,de bruyne k.,de bruyne k.,100.0
110.0,VK,110.0,110,DE GEA D.,P,P,FIORENTINA,,6.04,0.0,1.0,0.0,0.0,5.5,0.0,1.0,0.0,0.0,5.5,0.0,1.0,0.0,0.0,5.75,5.67,0.0,0.0,0.0,0.0,0.0,0.0,0.0,0.0,1.0,5.0,4.5,4.5,de gea d.,110,DE GEA D.,P,P,FIORENTINA,,6.04,0.0,1.0,0.0,0.0,5.5,0.0,1.0,0.0,0.0,5.5,0.0,1.0,0.0,0.0,5.75,5.67,0.0,0.0,0.0,0.0,0.0,0.0,0.0,0.0,1.0,5.0,4.5,4.5,de gea d.,de gea d.,100.0
847.0,PP,847.0,847,DE KETELAERE C.,A,A,ATALANTA,,5.04,0.0,0.0,0.0,0.0,5.5,0.0,0.0,0.0,0.0,6.5,0.0,0.0,0.0,0.0,5.25,5.67,0.0,0.0,0.0,0.0,0.0,0.0,0.0,0.0,1.0,5.0,5.5,6.5,de ketelaere c.,847,DE KETELAERE C.,A,A,ATALANTA,,5.04,0.0,0.0,0.0,0.0,5.5,0.0,0.0,0.0,0.0,6.5,0.0,0.0,0.0,0.0,5.25,5.67,0.0,0.0,0.0,0.0,0.0,0.0,0.0,0.0,1.0,5.0,5.5,6.5,de ketelaere c.,de ketelaere c.,100.0
848.0,,,848,DE LUCA M.,A,A,CREMONESE,,"s,v,",0.0,0.0,0.0,0.0,"s,v,",0.0,0.0,0.0,0.0,"s,v,",0.0,0.0,0.0,0.0,0.0,0.0,0.0,0.0,0.0,0.0,0.0,0.0,0.0,0.0,0.0,0.0,0.0,0.0,de luca m.,848,DE LUCA M.,A,A,CREMONESE,,"s,v,",0.0,0.0,0.0,0.0,"s,v,",0.0,0.0,0.0,0.0,"s,v,",0.0,0.0,0.0,0.0,0.0,0.0,0.0,0.0,0.0,0.0,0.0,0.0,0.0,0.0,0.0,0.0,0.0,0.0,de luca m.,de luca m.,100.0
554.0,,,554,DE ROON M.,C,C,ATALANTA,,6.02,0.0,0.0,0.0,0.0,6.5,0.0,0.0,0.0,0.0,6,0.0,0.0,0.0,0.0,6.25,6.17,0.0,0.0,0.0,0.0,0.0,0.0,0.0,0.0,1.0,6.0,6.5,6.0,de roon m.,554,DE ROON M.,C,C,ATALANTA,,6.02,0.0,0.0,0.0,0.0,6.5,0.0,0.0,0.0,0.0,6,0.0,0.0,0.0,0.0,6.25,6.17,0.0,0.0,0.0,0.0,0.0,0.0,0.0,0.0,1.0,6.0,6.5,6.0,de roon m.,de roon m.,100.0
245.0,JH,245.0,245,DE SILVESTRI L.,D,D,BOLOGNA,,5.04,0.0,0.0,0.0,0.0,6,0.0,0.0,0.0,0.0,5.5,0.0,0.0,0.0,0.0,5.5,5.5,0.0,0.0,0.0,0.0,0.0,0.0,0.0,0.0,1.0,5.0,6.0,5.5,de silvestri l.,245,DE SILVESTRI L.,D,D,BOLOGNA,,5.04,0.0,0.0,0.0,0.0,6,0.0,0.0,0.0,0.0,5.5,0.0,0.0,0.0,0.0,5.5,5.5,0.0,0.0,0.0,0.0,0.0,0.0,0.0,0.0,1.0,5.0,6.0,5.5,de silvestri l.,de silvestri l.,100.0
555.0,,,555,DEIOLA A.,C,C,CAGLIARI,,6.04,0.0,0.0,0.0,0.0,6,0.0,0.0,0.0,0.0,6,0.0,0.0,0.0,0.0,6.0,6.0,0.0,0.0,0.0,0.0,0.0,0.0,0.0,0.0,1.0,6.0,6.0,6.0,deiola a.,555,DEIOLA A.,C,C,CAGLIARI,,6.04,0.0,0.0,0.0,0.0,6,0.0,0.0,0.0,0.0,6,0.0,0.0,0.0,0.0,6.0,6.0,0.0,0.0,0.0,0.0,0.0,0.0,0.0,0.0,1.0,6.0,6.0,6.0,deiola a.,deiola a.,100.0
248.0,JK,248.0,248,DEL PRATO E.,D,D,PARMA,,5.53,0.0,0.0,0.0,0.0,6,0.0,0.0,0.0,0.0,5.5,0.0,0.0,0.0,0.0,5.75,5.67,0.0,0.0,0.0,0.0,0.0,0.0,0.0,0.0,1.0,5.5,6.0,5.5,del prato e.,248,DEL PRATO E.,D,D,PARMA,,5.53,0.0,0.0,0.0,0.0,6,0.0,0.0,0.0,0.0,5.5,0.0,0.0,0.0,0.0,5.75,5.67,0.0,0.0,0.0,0.0,0.0,0.0,0.0,0.0,1.0,5.5,6.0,5.5,del prato e.,del prato e.,100.0
556.0,,,556,DELE-BASHIRU F.,C,C,LAZIO,,4.53,0.0,0.0,0.0,0.0,4,0.0,0.0,0.0,0.0,4.5,0.0,0.0,0.0,0.0,4.25,4.33,0.0,0.0,0.0,0.0,0.0,0.0,0.0,0.0,1.0,4.5,4.0,4.5,dele-bashiru f.,556,DELE-BASHIRU F.,C,C,LAZIO,,4.53,0.0,0.0,0.0,0.0,4,0.0,0.0,0.0,0.0,4.5,0.0,0.0,0.0,0.0,4.25,4.33,0.0,0.0,0.0,0.0,0.0,0.0,0.0,0.0,1.0,4.5,4.0,4.5,dele-bashiru f.,dele-bashiru f.,100.0
413.0,,,413,DENOON D.,D,D,PISA,,5.04,0.0,0.0,0.0,0.0,6,0.0,0.0,0.0,0.0,6,0.0,0.0,0.0,0.0,5.5,5.67,0.0,0.0,0.0,0.0,0.0,0.0,0.0,0.0,1.0,5.0,6.0,6.0,denoon d.,413,DENOON D.,D,D,PISA,,5.04,0.0,0.0,0.0,0.0,6,0.0,0.0,0.0,0.0,6,0.0,0.0,0.0,0.0,5.5,5.67,0.0,0.0,0.0,0.0,0.0,0.0,0.0,0.0,1.0,5.0,6.0,6.0,denoon d.,denoon d.,100.0
,,,ALL.,DI FRANCESCO E.,ALL,ALL,LECCE,,6,,,,,6.5,,,,,6,,,,,,,0.0,0.0,,,,,,,,,,,di francesco e.,ALL.,DI FRANCESCO E.,ALL,ALL,LECCE,,6,,,,,6.5,,,,,6,,,,,,,0.0,0.0,,,,,,,,,,,di francesco e.,di francesco e.,100.0
112.0,,,112,DI GREGORIO M.,P,P,JUVENTUS,,6.04,0.0,0.0,0.0,0.0,6,0.0,0.0,0.0,0.0,6.5,0.0,0.0,0.0,0.0,6.0,6.17,0.0,0.0,0.0,0.0,0.0,0.0,0.0,0.0,1.0,6.0,6.0,6.5,di gregorio m.,112,DI GREGORIO M.,P,P,JUVENTUS,,6.04,0.0,0.0,0.0,0.0,6,0.0,0.0,0.0,0.0,6.5,0.0,0.0,0.0,0.0,6.0,6.17,0.0,0.0,0.0,0.0,0.0,0.0,0.0,0.0,1.0,6.0,6.0,6.5,di gregorio m.,di gregorio m.,100.0
250.0,MT,250.0,250,DI LORENZO G.,D,D,NAPOLI,,6.53,0.0,0.0,0.0,0.0,6,0.0,0.0,0.0,0.0,6,0.0,0.0,0.0,0.0,6.25,6.17,0.0,0.0,0.0,0.0,0.0,0.0,0.0,0.0,1.0,6.5,6.0,6.0,di lorenzo g.,250,DI LORENZO G.,D,D,NAPOLI,,6.53,0.0,0.0,0.0,0.0,6,0.0,0.0,0.0,0.0,6,0.0,0.0,0.0,0.0,6.25,6.17,0.0,0.0,0.0,0.0,0.0,0.0,0.0,0.0,1.0,6.5,6.0,6.0,di lorenzo g.,di lorenzo g.,100.0
850.0,,,850,DIA B.,A,A,LAZIO,15.0,5.04,0.0,0.0,0.0,0.0,5,0.0,0.0,0.0,0.0,"s,v,",0.0,0.0,0.0,0.0,5.0,5.0,0.0,0.0,0.0,0.0,0.0,0.0,0.0,0.0,0.0,5.0,5.0,0.0,dia b.,850,DIA B.,A,A,LAZIO,15.0,5.04,0.0,0.0,0.0,0.0,5,0.0,0.0,0.0,0.0,"s,v,",0.0,0.0,0.0,0.0,5.0,5.0,0.0,0.0,0.0,0.0,0.0,0.0,0.0,0.0,0.0,5.0,5.0,0.0,dia b.,dia b.,100.0
253.0,,,253,DJIMSITI B.,D,D,ATALANTA,,5.54,0.0,0.0,0.0,0.0,5.5,0.0,0.0,0.0,0.0,6,0.0,0.0,0.0,0.0,5.5,5.67,0.0,0.0,0.0,0.0,0.0,0.0,0.0,0.0,1.0,5.5,5.5,6.0,djimsiti b.,253,DJIMSITI B.,D,D,ATALANTA,,5.54,0.0,0.0,0.0,0.0,5.5,0.0,0.0,0.0,0.0,6,0.0,0.0,0.0,0.0,5.5,5.67,0.0,0.0,0.0,0.0,0.0,0.0,0.0,0.0,1.0,5.5,5.5,6.0,djimsiti b.,djimsiti b.,100.0
852.0,,,852,DJURIC M.,A,A,PARMA,,"s,v,",0.0,0.0,0.0,0.0,"s,v,",0.0,0.0,0.0,0.0,"s,v,",0.0,0.0,0.0,0.0,0.0,0.0,0.0,0.0,0.0,0.0,0.0,0.0,0.0,0.0,0.0,0.0,0.0,0.0,djuric m.,852,DJURIC M.,A,A,PARMA,,"s,v,",0.0,0.0,0.0,0.0,"s,v,",0.0,0.0,0.0,0.0,"s,v,",0.0,0.0,0.0,0.0,0.0,0.0,0.0,0.0,0.0,0.0,0.0,0.0,0.0,0.0,0.0,0.0,0.0,0.0,djuric m.,djuric m.,100.0
411.0,JP,411.0,411,DODO,D,D,FIORENTINA,,6.53,0.0,0.0,0.0,0.0,5.5,0.0,0.0,0.0,0.0,6.5,0.0,0.0,0.0,0.0,6.0,6.17,0.0,0.0,0.0,0.0,0.0,0.0,0.0,0.0,1.0,6.5,5.5,6.5,dodo,411,DODO,D,D,FIORENTINA,,6.53,0.0,0.0,0.0,0.0,5.5,0.0,0.0,0.0,0.0,6.5,0.0,0.0,0.0,0.0,6.0,6.17,0.0,0.0,0.0,0.0,0.0,0.0,0.0,0.0,1.0,6.5,5.5,6.5,dodo,dodo,100.0
254.0,,,254,DOIG J.,D,D,SASSUOLO,,6.04,0.0,0.0,0.0,0.0,5.5,0.0,0.0,0.0,0.0,6.5,0.0,0.0,0.0,0.0,5.75,6.0,0.0,0.0,0.0,0.0,0.0,0.0,0.0,0.0,1.0,6.0,5.5,6.5,doig j.,254,DOIG J.,D,D,SASSUOLO,,6.04,0.0,0.0,0.0,0.0,5.5,0.0,0.0,0.0,0.0,6.5,0.0,0.0,0.0,0.0,5.75,6.0,0.0,0.0,0.0,0.0,0.0,0.0,0.0,0.0,1.0,6.0,5.5,6.5,doig j.,doig j.,100.0
854.0,,,854,DOUVIKAS T.,A,A,COMO,,7.53,1.0,0.0,0.0,0.0,7.5,1.0,0.0,0.0,0.0,7,1.0,0.0,0.0,0.0,7.5,7.33,0.0,0.0,1.0,0.0,0.0,0.0,0.0,0.0,1.0,10.5,10.5,10.0,douvikas t.,854,DOUVIKAS T.,A,A,COMO,,7.53,1.0,0.0,0.0,0.0,7.5,1.0,0.0,0.0,0.0,7,1.0,0.0,0.0,0.0,7.5,7.33,0.0,0.0,1.0,0.0,0.0,0.0,0.0,0.0,1.0,10.5,10.5,10.0,douvikas t.,douvikas t.,100.0
855.0,TE,855.0,855,DOVBYK A.,A,A,ROMA,15.0,5.53,0.0,0.0,0.0,0.0,6,0.0,0.0,0.0,0.0,5.5,0.0,0.0,0.0,0.0,5.75,5.67,0.0,0.0,0.0,0.0,0.0,0.0,0.0,0.0,0.0,5.5,6.0,5.5,dovbyk a.,855,DOVBYK A.,A,A,ROMA,15.0,5.53,0.0,0.0,0.0,0.0,6,0.0,0.0,0.0,0.0,5.5,0.0,0.0,0.0,0.0,5.75,5.67,0.0,0.0,0.0,0.0,0.0,0.0,0.0,0.0,0.0,5.5,6.0,5.5,dovbyk a.,dovbyk a.,100.0
856.0,VK,856.0,856,DYBALA P.,A,A,ROMA,15.0,6.04,0.0,0.0,0.0,0.0,6.5,0.0,0.0,0.0,0.0,7,0.0,0.0,0.0,0.0,6.25,6.5,0.0,0.0,0.0,0.0,0.0,0.0,0.0,0.0,0.0,6.0,6.5,7.0,dybala p.,856,DYBALA P.,A,A,ROMA,15.0,6.04,0.0,0.0,0.0,0.0,6.5,0.0,0.0,0.0,0.0,7,0.0,0.0,0.0,0.0,6.25,6.5,0.0,0.0,0.0,0.0,0.0,0.0,0.0,0.0,0.0,6.0,6.5,7.0,dybala p.,dybala p.,100.0
559.0,IÄ,559.0,559,EDERSON,C,C,ATALANTA,15.0,6.02,0.0,0.0,0.0,0.0,6,0.0,0.0,0.0,0.0,6,0.0,0.0,0.0,0.0,6.0,6.0,0.0,0.0,0.0,0.0,0.0,0.0,0.0,0.0,0.0,6.0,6.0,6.0,ederson,559,EDERSON,C,C,ATALANTA,15.0,6.02,0.0,0.0,0.0,0.0,6,0.0,0.0,0.0,0.0,6,0.0,0.0,0.0,0.0,6.0,6.0,0.0,0.0,0.0,0.0,0.0,0.0,0.0,0.0,0.0,6.0,6.0,6.0,ederson,ederson,100.0
858.0,TE,858.0,858,EKHATOR J.,A,A,GENOA,15.0,5.53,0.0,0.0,0.0,0.0,"s,v,",0.0,0.0,0.0,0.0,6,0.0,0.0,0.0,0.0,5.5,5.75,1.0,0.0,0.0,0.0,0.0,0.0,0.0,0.0,0.0,5.0,0.0,5.5,ekhator j.,858,EKHATOR J.,A,A,GENOA,15.0,5.53,0.0,0.0,0.0,0.0,"s,v,",0.0,0.0,0.0,0.0,6,0.0,0.0,0.0,0.0,5.5,5.75,1.0,0.0,0.0,0.0,0.0,0.0,0.0,0.0,0.0,5.0,0.0,5.5,ekhator j.,ekhator j.,100.0
701.0,JP,701.0,701,EL AYNAOUI N.,C,C,ROMA,15.0,6.04,0.0,0.0,0.0,0.0,6,0.0,0.0,0.0,0.0,5.5,0.0,0.0,0.0,0.0,6.0,5.83,0.0,0.0,0.0,0.0,0.0,0.0,0.0,0.0,0.0,6.0,6.0,5.5,el aynaoui n.,701,EL AYNAOUI N.,C,C,ROMA,15.0,6.04,0.0,0.0,0.0,0.0,6,0.0,0.0,0.0,0.0,5.5,0.0,0.0,0.0,0.0,6.0,5.83,0.0,0.0,0.0,0.0,0.0,0.0,0.0,0.0,0.0,6.0,6.0,5.5,el aynaoui n.,el aynaoui n.,100.0
562.0,,,562,EL SHAARAWY S.,C,C,ROMA,,6.04,0.0,0.0,0.0,0.0,6,0.0,0.0,0.0,0.0,6,0.0,0.0,0.0,0.0,6.0,6.0,0.0,0.0,0.0,0.0,0.0,0.0,0.0,0.0,1.0,6.0,6.0,6.0,el shaarawy s.,562,EL SHAARAWY S.,C,C,ROMA,,6.04,0.0,0.0,0.0,0.0,6,0.0,0.0,0.0,0.0,6,0.0,0.0,0.0,0.0,6.0,6.0,0.0,0.0,0.0,0.0,0.0,0.0,0.0,0.0,1.0,6.0,6.0,6.0,el shaarawy s.,el shaarawy s.,100.0
563.0,,,563,ELLERTSSON M.,C,C,GENOA,15.0,6.04,0.0,0.0,0.0,0.0,"s,v,",0.0,0.0,0.0,0.0,6,0.0,0.0,0.0,0.0,6.0,6.0,0.0,0.0,0.0,0.0,0.0,0.0,0.0,0.0,0.0,6.0,0.0,6.0,ellertsson m.,563,ELLERTSSON M.,C,C,GENOA,15.0,6.04,0.0,0.0,0.0,0.0,"s,v,",0.0,0.0,0.0,0.0,6,0.0,0.0,0.0,0.0,6.0,6.0,0.0,0.0,0.0,0.0,0.0,0.0,0.0,0.0,0.0,6.0,0.0,6.0,ellertsson m.,ellertsson m.,100.0
861.0,MT,861.0,861,ESPOSITO S.,A,A,CAGLIARI,,6.53,0.0,0.0,0.0,0.0,6,0.0,0.0,0.0,0.0,6,0.0,0.0,0.0,0.0,6.25,6.17,0.0,0.0,0.0,0.0,0.0,0.0,0.0,0.0,1.0,6.5,6.0,6.0,esposito s.,861,ESPOSITO S.,A,A,CAGLIARI,,6.53,0.0,0.0,0.0,0.0,6,0.0,0.0,0.0,0.0,6,0.0,0.0,0.0,0.0,6.25,6.17,0.0,0.0,0.0,0.0,0.0,0.0,0.0,0.0,1.0,6.5,6.0,6.0,esposito s.,esposito s.,100.0
565.0,,,565,ESTEVEZ N.,C,C,PARMA,,"s,v,",0.0,0.0,0.0,0.0,"s,v,",0.0,0.0,0.0,0.0,"s,v,",0.0,0.0,0.0,0.0,0.0,0.0,0.0,0.0,0.0,0.0,0.0,0.0,0.0,0.0,0.0,0.0,0.0,0.0,estevez n.,565,ESTEVEZ N.,C,C,PARMA,,"s,v,",0.0,0.0,0.0,0.0,"s,v,",0.0,0.0,0.0,0.0,"s,v,",0.0,0.0,0.0,0.0,0.0,0.0,0.0,0.0,0.0,0.0,0.0,0.0,0.0,0.0,0.0,0.0,0.0,0.0,estevez n.,estevez n.,100.0
416.0,JP,416.0,416,ESTUPINAN P.,D,D,MILAN,,6.04,0.0,0.0,0.0,1.0,5.5,0.0,0.0,0.0,1.0,5.5,0.0,0.0,0.0,1.0,5.75,5.67,0.0,0.0,0.0,0.0,0.0,0.0,0.0,0.0,1.0,7.0,5.5,6.5,estupinan p.,416,ESTUPINAN P.,D,D,MILAN,,6.04,0.0,0.0,0.0,1.0,5.5,0.0,0.0,0.0,1.0,5.5,0.0,0.0,0.0,1.0,5.75,5.67,0.0,0.0,0.0,0.0,0.0,0.0,0.0,0.0,1.0,7.0,5.5,6.5,estupinan p.,estupinan p.,100.0
566.0,PP,566.0,566,FABBIAN G.,C,C,BOLOGNA,15.0,5.53,0.0,0.0,0.0,0.0,6,0.0,0.0,0.0,0.0,"s,v,",0.0,0.0,0.0,0.0,5.75,5.75,0.0,0.0,0.0,0.0,0.0,0.0,0.0,0.0,0.0,5.5,6.0,0.0,fabbian g.,566,FABBIAN G.,C,C,BOLOGNA,15.0,5.53,0.0,0.0,0.0,0.0,6,0.0,0.0,0.0,0.0,"s,v,",0.0,0.0,0.0,0.0,5.75,5.75,0.0,0.0,0.0,0.0,0.0,0.0,0.0,0.0,0.0,5.5,6.0,0.0,fabbian g.,fabbian g.,100.0
,,,ALL.,FABREGAS C.,ALL,ALL,COMO,,8,,,,,8,,,,,8,,,,,,,0.0,0.0,,,,,,,,,,,fabregas c.,ALL.,FABREGAS C.,ALL,ALL,COMO,,8,,,,,8,,,,,8,,,,,,,0.0,0.0,,,,,,,,,,,fabregas c.,fabregas c.,100.0
567.0,,,567,FADERA A.,C,C,SASSUOLO,15.0,6.04,0.0,0.0,0.0,0.0,6,0.0,0.0,0.0,0.0,6,0.0,0.0,0.0,0.0,6.0,6.0,0.0,0.0,0.0,0.0,0.0,0.0,0.0,0.0,0.0,6.0,6.0,6.0,fadera a.,567,FADERA A.,C,C,SASSUOLO,15.0,6.04,0.0,0.0,0.0,0.0,6,0.0,0.0,0.0,0.0,6,0.0,0.0,0.0,0.0,6.0,6.0,0.0,0.0,0.0,0.0,0.0,0.0,0.0,0.0,0.0,6.0,6.0,6.0,fadera a.,fadera a.,100.0
568.0,JK,568.0,568,FAGIOLI N.,C,C,FIORENTINA,,6.04,0.0,0.0,0.0,0.0,6,0.0,0.0,0.0,0.0,6,0.0,0.0,0.0,0.0,6.0,6.0,0.0,0.0,0.0,0.0,0.0,0.0,0.0,0.0,1.0,6.0,6.0,6.0,fagioli n.,568,FAGIOLI N.,C,C,FIORENTINA,,6.04,0.0,0.0,0.0,0.0,6,0.0,0.0,0.0,0.0,6,0.0,0.0,0.0,0.0,6.0,6.0,0.0,0.0,0.0,0.0,0.0,0.0,0.0,0.0,1.0,6.0,6.0,6.0,fagioli n.,fagioli n.,100.0
114.0,IÄ,114.0,114,FALCONE W.,P,P,LECCE,,6.53,0.0,0.0,0.0,0.0,7,0.0,0.0,0.0,0.0,6.5,0.0,0.0,0.0,0.0,6.75,6.67,0.0,0.0,0.0,0.0,0.0,0.0,0.0,0.0,1.0,6.5,7.0,6.5,falcone w.,114,FALCONE W.,P,P,LECCE,,6.53,0.0,0.0,0.0,0.0,7,0.0,0.0,0.0,0.0,6.5,0.0,0.0,0.0,0.0,6.75,6.67,0.0,0.0,0.0,0.0,0.0,0.0,0.0,0.0,1.0,6.5,7.0,6.5,falcone w.,falcone w.,100.0
571.0,JH,571.0,571,FAZZINI J.,C,C,FIORENTINA,15.0,6.04,0.0,0.0,0.0,0.0,6,0.0,0.0,0.0,0.0,6,0.0,0.0,0.0,0.0,6.0,6.0,0.0,0.0,0.0,0.0,0.0,0.0,0.0,0.0,0.0,6.0,6.0,6.0,fazzini j.,571,FAZZINI J.,C,C,FIORENTINA,15.0,6.04,0.0,0.0,0.0,0.0,6,0.0,0.0,0.0,0.0,6,0.0,0.0,0.0,0.0,6.0,6.0,0.0,0.0,0.0,0.0,0.0,0.0,0.0,0.0,0.0,6.0,6.0,6.0,fazzini j.,fazzini j.,100.0
969.0,PP,969.0,969,FERGUSON E.,A,A,ROMA,,7.04,0.0,0.0,0.0,0.0,7,0.0,0.0,0.0,0.0,6.5,0.0,0.0,0.0,0.0,7.0,6.83,0.0,0.0,0.0,0.0,0.0,0.0,0.0,0.0,1.0,7.0,7.0,6.5,ferguson e.,969,FERGUSON E.,A,A,ROMA,,7.04,0.0,0.0,0.0,0.0,7,0.0,0.0,0.0,0.0,6.5,0.0,0.0,0.0,0.0,7.0,6.83,0.0,0.0,0.0,0.0,0.0,0.0,0.0,0.0,1.0,7.0,7.0,6.5,ferguson e.,ferguson e.,100.0
573.0,TE,573.0,573,FOFANA Y.,C,C,MILAN,,5.04,0.0,0.0,0.0,0.0,5,0.0,0.0,0.0,0.0,5.5,0.0,0.0,0.0,0.0,5.0,5.17,0.0,0.0,0.0,0.0,0.0,0.0,0.0,0.0,1.0,5.0,5.0,5.5,fofana y.,573,FOFANA Y.,C,C,MILAN,,5.04,0.0,0.0,0.0,0.0,5,0.0,0.0,0.0,0.0,5.5,0.0,0.0,0.0,0.0,5.0,5.17,0.0,0.0,0.0,0.0,0.0,0.0,0.0,0.0,1.0,5.0,5.0,5.5,fofana y.,fofana y.,100.0
574.0,MT,574.0,574,FOLORUNSHO M.,C,C,CAGLIARI,,6.04,0.0,0.0,0.0,0.0,6.5,0.0,0.0,0.0,0.0,6,0.0,0.0,0.0,0.0,6.25,6.17,0.0,0.0,0.0,0.0,0.0,0.0,0.0,0.0,1.0,6.0,6.5,6.0,folorunsho m.,574,FOLORUNSHO M.,C,C,CAGLIARI,,6.04,0.0,0.0,0.0,0.0,6.5,0.0,0.0,0.0,0.0,6,0.0,0.0,0.0,0.0,6.25,6.17,0.0,0.0,0.0,0.0,0.0,0.0,0.0,0.0,1.0,6.0,6.5,6.0,folorunsho m.,folorunsho m.,100.0
576.0,IÄ,576.0,576,FRENDRUP M.,C,C,GENOA,,6.04,0.0,0.0,0.0,0.0,6.5,0.0,0.0,0.0,0.0,6,0.0,0.0,0.0,0.0,6.25,6.17,0.0,0.0,0.0,0.0,0.0,0.0,0.0,0.0,1.0,6.0,6.5,6.0,frendrup m.,576,FRENDRUP M.,C,C,GENOA,,6.04,0.0,0.0,0.0,0.0,6.5,0.0,0.0,0.0,0.0,6,0.0,0.0,0.0,0.0,6.25,6.17,0.0,0.0,0.0,0.0,0.0,0.0,0.0,0.0,1.0,6.0,6.5,6.0,frendrup m.,frendrup m.,100.0
577.0,JP,577.0,577,FREULER R.,C,C,BOLOGNA,,6.04,0.0,0.0,0.0,0.0,5.5,0.0,0.0,0.0,0.0,5.5,0.0,0.0,0.0,0.0,5.75,5.67,1.0,0.0,0.0,0.0,0.0,0.0,0.0,0.0,1.0,5.5,5.0,5.0,freuler r.,577,FREULER R.,C,C,BOLOGNA,,6.04,0.0,0.0,0.0,0.0,5.5,0.0,0.0,0.0,0.0,5.5,0.0,0.0,0.0,0.0,5.75,5.67,1.0,0.0,0.0,0.0,0.0,0.0,0.0,0.0,1.0,5.5,5.0,5.0,freuler r.,freuler r.,100.0
266.0,IÄ,266.0,266,GABBIA M.,D,D,MILAN,,5.53,0.0,0.0,0.0,0.0,5.5,0.0,0.0,0.0,0.0,6,0.0,0.0,0.0,0.0,5.5,5.67,0.0,0.0,0.0,0.0,0.0,0.0,0.0,0.0,1.0,5.5,5.5,6.0,gabbia m.,266,GABBIA M.,D,D,MILAN,,5.53,0.0,0.0,0.0,0.0,5.5,0.0,0.0,0.0,0.0,6,0.0,0.0,0.0,0.0,5.5,5.67,0.0,0.0,0.0,0.0,0.0,0.0,0.0,0.0,1.0,5.5,5.5,6.0,gabbia m.,gabbia m.,100.0
267.0,,,267,GABRIEL T.,D,D,LECCE,,6.53,0.0,0.0,0.0,0.0,6.5,0.0,0.0,0.0,0.0,6.5,0.0,0.0,0.0,0.0,6.5,6.5,0.0,0.0,0.0,0.0,0.0,0.0,0.0,0.0,1.0,6.5,6.5,6.5,gabriel t.,267,GABRIEL T.,D,D,LECCE,,6.53,0.0,0.0,0.0,0.0,6.5,0.0,0.0,0.0,0.0,6.5,0.0,0.0,0.0,0.0,6.5,6.5,0.0,0.0,0.0,0.0,0.0,0.0,0.0,0.0,1.0,6.5,6.5,6.5,gabriel t.,gabriel t.,100.0
578.0,JH,578.0,578,GAETANO G.,C,C,CAGLIARI,15.0,6.53,0.0,0.0,0.0,1.0,6.5,0.0,0.0,0.0,1.0,6.5,0.0,0.0,0.0,1.0,6.5,6.5,0.0,0.0,0.0,0.0,0.0,0.0,0.0,0.0,0.0,7.5,6.5,7.5,gaetano g.,578,GAETANO G.,C,C,CAGLIARI,15.0,6.53,0.0,0.0,0.0,1.0,6.5,0.0,0.0,0.0,1.0,6.5,0.0,0.0,0.0,1.0,6.5,6.5,0.0,0.0,0.0,0.0,0.0,0.0,0.0,0.0,0.0,7.5,6.5,7.5,gaetano g.,gaetano g.,100.0
268.0,TE,268.0,268,GALLO A.,D,D,LECCE,,6.04,0.0,0.0,0.0,0.0,6,0.0,0.0,0.0,0.0,6,0.0,0.0,0.0,0.0,6.0,6.0,0.0,0.0,0.0,0.0,0.0,0.0,0.0,0.0,1.0,6.0,6.0,6.0,gallo a.,268,GALLO A.,D,D,LECCE,,6.04,0.0,0.0,0.0,0.0,6,0.0,0.0,0.0,0.0,6,0.0,0.0,0.0,0.0,6.0,6.0,0.0,0.0,0.0,0.0,0.0,0.0,0.0,0.0,1.0,6.0,6.0,6.0,gallo a.,gallo a.,100.0
269.0,,,269,GASPAR K.,D,D,LECCE,,6.04,0.0,0.0,0.0,0.0,6.5,0.0,0.0,0.0,0.0,6.5,0.0,0.0,0.0,0.0,6.25,6.33,0.0,0.0,0.0,0.0,0.0,0.0,0.0,0.0,1.0,6.0,6.5,6.5,gaspar k.,269,GASPAR K.,D,D,LECCE,,6.04,0.0,0.0,0.0,0.0,6.5,0.0,0.0,0.0,0.0,6.5,0.0,0.0,0.0,0.0,6.25,6.33,0.0,0.0,0.0,0.0,0.0,0.0,0.0,0.0,1.0,6.0,6.5,6.5,gaspar k.,gaspar k.,100.0
,,,ALL.,GASPERINI G.,ALL,ALL,ROMA,,7,,,,,7.5,,,,,6.5,,,,,,,0.0,0.0,,,,,,,,,,,gasperini g.,ALL.,GASPERINI G.,ALL,ALL,ROMA,,7,,,,,7.5,,,,,6.5,,,,,,,0.0,0.0,,,,,,,,,,,gasperini g.,gasperini g.,100.0
270.0,IÄ,270.0,270,GATTI F.,D,D,JUVENTUS,,6.04,0.0,0.0,0.0,0.0,6,0.0,0.0,0.0,0.0,6,0.0,0.0,0.0,0.0,6.0,6.0,1.0,0.0,0.0,0.0,0.0,0.0,0.0,0.0,1.0,5.5,5.5,5.5,gatti f.,270,GATTI F.,D,D,JUVENTUS,,6.04,0.0,0.0,0.0,0.0,6,0.0,0.0,0.0,0.0,6,0.0,0.0,0.0,0.0,6.0,6.0,1.0,0.0,0.0,0.0,0.0,0.0,0.0,0.0,1.0,5.5,5.5,5.5,gatti f.,gatti f.,100.0
579.0,,,579,GHION A.,C,C,SASSUOLO,,"s,v,",0.0,0.0,0.0,0.0,"s,v,",0.0,0.0,0.0,0.0,"s,v,",0.0,0.0,0.0,0.0,0.0,0.0,0.0,0.0,0.0,0.0,0.0,0.0,0.0,0.0,0.0,0.0,0.0,0.0,ghion a.,579,GHION A.,C,C,SASSUOLO,,"s,v,",0.0,0.0,0.0,0.0,"s,v,",0.0,0.0,0.0,0.0,"s,v,",0.0,0.0,0.0,0.0,0.0,0.0,0.0,0.0,0.0,0.0,0.0,0.0,0.0,0.0,0.0,0.0,0.0,0.0,ghion a.,ghion a.,100.0
274.0,,,274,GILA M.,D,D,LAZIO,,5.04,0.0,0.0,0.0,0.0,5,0.0,0.0,0.0,0.0,5,0.0,0.0,0.0,0.0,5.0,5.0,0.0,0.0,0.0,0.0,0.0,0.0,0.0,0.0,1.0,5.0,5.0,5.0,gila m.,274,GILA M.,D,D,LAZIO,,5.04,0.0,0.0,0.0,0.0,5,0.0,0.0,0.0,0.0,5,0.0,0.0,0.0,0.0,5.0,5.0,0.0,0.0,0.0,0.0,0.0,0.0,0.0,0.0,1.0,5.0,5.0,5.0,gila m.,gila m.,100.0
,,,ALL.,GILARDINO A.,ALL,ALL,PISA,,7,,,,,6.5,,,,,6.5,,,,,,,0.0,0.0,,,,,,,,,,,gilardino a.,ALL.,GILARDINO A.,ALL,ALL,PISA,,7,,,,,6.5,,,,,6.5,,,,,,,0.0,0.0,,,,,,,,,,,gilardino a.,gilardino a.,100.0
580.0,,,580,GILMOUR B.,C,C,NAPOLI,,"s,v,",0.0,0.0,0.0,0.0,"s,v,",0.0,0.0,0.0,0.0,"s,v,",0.0,0.0,0.0,0.0,0.0,0.0,0.0,0.0,0.0,0.0,0.0,0.0,0.0,0.0,0.0,0.0,0.0,0.0,gilmour b.,580,GILMOUR B.,C,C,NAPOLI,,"s,v,",0.0,0.0,0.0,0.0,"s,v,",0.0,0.0,0.0,0.0,"s,v,",0.0,0.0,0.0,0.0,0.0,0.0,0.0,0.0,0.0,0.0,0.0,0.0,0.0,0.0,0.0,0.0,0.0,0.0,gilmour b.,gilmour b.,100.0
865.0,,,865,GIMENEZ Santiago,A,A,MILAN,,4.53,0.0,0.0,0.0,0.0,5,0.0,0.0,0.0,0.0,4.5,0.0,0.0,0.0,0.0,4.75,4.67,0.0,0.0,0.0,0.0,0.0,0.0,0.0,0.0,1.0,4.5,5.0,4.5,gimenez santiago,865,GIMENEZ Santiago,A,A,MILAN,,4.53,0.0,0.0,0.0,0.0,5,0.0,0.0,0.0,0.0,4.5,0.0,0.0,0.0,0.0,4.75,4.67,0.0,0.0,0.0,0.0,0.0,0.0,0.0,0.0,1.0,4.5,5.0,4.5,gimenez santiago,gimenez santiago,100.0
867.0,,,867,GONZALEZ N.,A,A,JUVENTUS,,"s,v,",0.0,0.0,0.0,0.0,"s,v,",0.0,0.0,0.0,0.0,6,0.0,0.0,0.0,0.0,0.0,6.0,0.0,0.0,0.0,0.0,0.0,0.0,0.0,0.0,0.0,0.0,0.0,6.0,gonzalez n.,867,GONZALEZ N.,A,A,JUVENTUS,,"s,v,",0.0,0.0,0.0,0.0,"s,v,",0.0,0.0,0.0,0.0,6,0.0,0.0,0.0,0.0,0.0,6.0,0.0,0.0,0.0,0.0,0.0,0.0,0.0,0.0,0.0,0.0,0.0,6.0,gonzalez n.,gonzalez n.,100.0
278.0,VK,278.0,278,GOSENS Robin,D,D,FIORENTINA,,6.04,0.0,0.0,0.0,0.0,6.5,0.0,0.0,0.0,0.0,5.5,0.0,0.0,0.0,0.0,6.25,6.0,0.0,0.0,0.0,0.0,0.0,0.0,0.0,0.0,1.0,6.0,6.5,5.5,gosens robin,278,GOSENS Robin,D,D,FIORENTINA,,6.04,0.0,0.0,0.0,0.0,6.5,0.0,0.0,0.0,0.0,5.5,0.0,0.0,0.0,0.0,6.25,6.0,0.0,0.0,0.0,0.0,0.0,0.0,0.0,0.0,1.0,6.0,6.5,5.5,gosens robin,gosens robin,100.0
699.0,,,699,GRASSI A.,C,C,CREMONESE,,6.04,0.0,0.0,0.0,0.0,6,0.0,0.0,0.0,0.0,6,0.0,0.0,0.0,0.0,6.0,6.0,1.0,0.0,0.0,0.0,0.0,0.0,0.0,0.0,1.0,5.5,5.5,5.5,grassi a.,699,GRASSI A.,C,C,CREMONESE,,6.04,0.0,0.0,0.0,0.0,6,0.0,0.0,0.0,0.0,6,0.0,0.0,0.0,0.0,6.0,6.0,1.0,0.0,0.0,0.0,0.0,0.0,0.0,0.0,1.0,5.5,5.5,5.5,grassi a.,grassi a.,100.0
582.0,,,582,GRONBAEK A.,C,C,GENOA,,6.04,0.0,0.0,0.0,0.0,6,0.0,0.0,0.0,0.0,6,0.0,0.0,0.0,0.0,6.0,6.0,0.0,0.0,0.0,0.0,0.0,0.0,0.0,0.0,1.0,6.0,6.0,6.0,gronbaek a.,582,GRONBAEK A.,C,C,GENOA,,6.04,0.0,0.0,0.0,0.0,6,0.0,0.0,0.0,0.0,6,0.0,0.0,0.0,0.0,6.0,6.0,0.0,0.0,0.0,0.0,0.0,0.0,0.0,0.0,1.0,6.0,6.0,6.0,gronbaek a.,gronbaek a.,100.0
,,,ALL.,GROSSI F.,ALL,ALL,SASSUOLO,,5.5,,,,,5.5,,,,,5.5,,,,,,,0.0,0.0,,,,,,,,,,,grossi f.,ALL.,GROSSI F.,ALL,ALL,SASSUOLO,,5.5,,,,,5.5,,,,,5.5,,,,,,,0.0,0.0,,,,,,,,,,,grossi f.,grossi f.,100.0
868.0,VK,868.0,868,GUDMUNDSSON A.,A,A,FIORENTINA,,5.53,0.0,0.0,0.0,1.0,6,0.0,0.0,0.0,1.0,5.5,0.0,0.0,0.0,1.0,5.75,5.67,0.0,0.0,0.0,0.0,0.0,0.0,0.0,0.0,1.0,6.5,6.0,6.5,gudmundsson a.,868,GUDMUNDSSON A.,A,A,FIORENTINA,,5.53,0.0,0.0,0.0,1.0,6,0.0,0.0,0.0,1.0,5.5,0.0,0.0,0.0,1.0,5.75,5.67,0.0,0.0,0.0,0.0,0.0,0.0,0.0,0.0,1.0,6.5,6.0,6.5,gudmundsson a.,gudmundsson a.,100.0
583.0,JK,583.0,583,GUENDOUZI M.,C,C,LAZIO,,5.04,0.0,0.0,0.0,0.0,5.5,0.0,0.0,0.0,0.0,5,0.0,0.0,0.0,0.0,5.25,5.17,1.0,0.0,0.0,0.0,0.0,0.0,0.0,0.0,1.0,4.5,5.0,4.5,guendouzi m.,583,GUENDOUZI M.,C,C,LAZIO,,5.04,0.0,0.0,0.0,0.0,5.5,0.0,0.0,0.0,0.0,5,0.0,0.0,0.0,0.0,5.25,5.17,1.0,0.0,0.0,0.0,0.0,0.0,0.0,0.0,1.0,4.5,5.0,4.5,guendouzi m.,guendouzi m.,100.0
281.0,,,281,HERMOSO M.,D,D,ROMA,,6.53,0.0,0.0,0.0,0.0,6.5,0.0,0.0,0.0,0.0,6,0.0,0.0,0.0,0.0,6.5,6.33,0.0,0.0,0.0,0.0,0.0,0.0,0.0,0.0,1.0,6.5,6.5,6.0,hermoso m.,281,HERMOSO M.,D,D,ROMA,,6.53,0.0,0.0,0.0,0.0,6.5,0.0,0.0,0.0,0.0,6,0.0,0.0,0.0,0.0,6.5,6.33,0.0,0.0,0.0,0.0,0.0,0.0,0.0,0.0,1.0,6.5,6.5,6.0,hermoso m.,hermoso m.,100.0
282.0,JP,282.0,282,HIEN I.,D,D,ATALANTA,,5.01,0.0,0.0,1.0,0.0,5.5,0.0,0.0,1.0,0.0,6,0.0,0.0,1.0,0.0,5.25,5.5,0.0,0.0,0.0,0.0,0.0,0.0,0.0,0.0,1.0,3.0,5.5,4.0,hien i.,282,HIEN I.,D,D,ATALANTA,,5.01,0.0,0.0,1.0,0.0,5.5,0.0,0.0,1.0,0.0,6,0.0,0.0,1.0,0.0,5.25,5.5,0.0,0.0,0.0,0.0,0.0,0.0,0.0,0.0,1.0,3.0,5.5,4.0,hien i.,hien i.,100.0
285.0,,,285,IDRISSI R.,D,D,CAGLIARI,15.0,6.04,0.0,0.0,0.0,0.0,6,0.0,0.0,0.0,0.0,"s,v,",0.0,0.0,0.0,0.0,6.0,6.0,0.0,0.0,0.0,0.0,0.0,0.0,0.0,0.0,0.0,6.0,6.0,0.0,idrissi r.,285,IDRISSI R.,D,D,CAGLIARI,15.0,6.04,0.0,0.0,0.0,0.0,6,0.0,0.0,0.0,0.0,"s,v,",0.0,0.0,0.0,0.0,6.0,6.0,0.0,0.0,0.0,0.0,0.0,0.0,0.0,0.0,0.0,6.0,6.0,0.0,idrissi r.,idrissi r.,100.0
870.0,JH,870.0,870,IMMOBILE C.,A,A,BOLOGNA,,5.53,0.0,0.0,0.0,0.0,6,0.0,0.0,0.0,0.0,5,0.0,0.0,0.0,0.0,5.75,5.5,0.0,0.0,0.0,0.0,0.0,0.0,0.0,0.0,1.0,5.5,6.0,5.0,immobile c.,870,IMMOBILE C.,A,A,BOLOGNA,,5.53,0.0,0.0,0.0,0.0,6,0.0,0.0,0.0,0.0,5,0.0,0.0,0.0,0.0,5.75,5.5,0.0,0.0,0.0,0.0,0.0,0.0,0.0,0.0,1.0,5.5,6.0,5.0,immobile c.,immobile c.,100.0
,,,ALL.,ITALIANO V.,ALL,ALL,BOLOGNA,,5.5,,,,,5.5,,,,,5.5,,,,,,,0.0,0.0,,,,,,,,,,,italiano v.,ALL.,ITALIANO V.,ALL,ALL,BOLOGNA,,5.5,,,,,5.5,,,,,5.5,,,,,,,0.0,0.0,,,,,,,,,,,italiano v.,italiano v.,100.0
704.0,IÄ,704.0,704,JASHARI A.,C,C,MILAN,15.0,5.53,0.0,0.0,0.0,0.0,5.5,0.0,0.0,0.0,0.0,"s,v,",0.0,0.0,0.0,0.0,5.5,5.5,0.0,0.0,0.0,0.0,0.0,0.0,0.0,0.0,0.0,5.5,5.5,0.0,jashari a.,704,JASHARI A.,C,C,MILAN,15.0,5.53,0.0,0.0,0.0,0.0,5.5,0.0,0.0,0.0,0.0,"s,v,",0.0,0.0,0.0,0.0,5.5,5.5,0.0,0.0,0.0,0.0,0.0,0.0,0.0,0.0,0.0,5.5,5.5,0.0,jashari a.,jashari a.,100.0
290.0,,,290,JESUS J.,D,D,NAPOLI,,6.04,0.0,0.0,0.0,0.0,6,0.0,0.0,0.0,0.0,5.5,0.0,0.0,0.0,0.0,6.0,5.83,0.0,0.0,0.0,0.0,0.0,0.0,0.0,0.0,1.0,6.0,6.0,5.5,jesus j.,290,JESUS J.,D,D,NAPOLI,,6.04,0.0,0.0,0.0,0.0,6,0.0,0.0,0.0,0.0,5.5,0.0,0.0,0.0,0.0,6.0,5.83,0.0,0.0,0.0,0.0,0.0,0.0,0.0,0.0,1.0,6.0,6.0,5.5,jesus j.,jesus j.,100.0
291.0,IÄ,291.0,291,JIMENEZ A.,D,D,MILAN,15.0,5.53,0.0,0.0,0.0,0.0,5.5,0.0,0.0,0.0,0.0,5.5,0.0,0.0,0.0,0.0,5.5,5.5,1.0,0.0,0.0,0.0,0.0,0.0,0.0,0.0,0.0,5.0,5.0,5.0,jimenez a.,291,JIMENEZ A.,D,D,MILAN,15.0,5.53,0.0,0.0,0.0,0.0,5.5,0.0,0.0,0.0,0.0,5.5,0.0,0.0,0.0,0.0,5.5,5.5,1.0,0.0,0.0,0.0,0.0,0.0,0.0,0.0,0.0,5.0,5.0,5.0,jimenez a.,jimenez a.,100.0
,,,ALL.,JURIC I.,ALL,ALL,ATALANTA,,6,,,,,6,,,,,6,,,,,,,1.0,0.0,,,,,,,,,,,juric i.,ALL.,JURIC I.,ALL,ALL,ATALANTA,,6,,,,,6,,,,,6,,,,,,,1.0,0.0,,,,,,,,,,,juric i.,juric i.,100.0
596.0,,,596,KABA M.,C,C,LECCE,15.0,6.04,0.0,0.0,0.0,0.0,6,0.0,0.0,0.0,0.0,5.5,0.0,0.0,0.0,0.0,6.0,5.83,0.0,0.0,0.0,0.0,0.0,0.0,0.0,0.0,0.0,6.0,6.0,5.5,kaba m.,596,KABA M.,C,C,LECCE,15.0,6.04,0.0,0.0,0.0,0.0,6,0.0,0.0,0.0,0.0,5.5,0.0,0.0,0.0,0.0,6.0,5.83,0.0,0.0,0.0,0.0,0.0,0.0,0.0,0.0,0.0,6.0,6.0,5.5,kaba m.,kaba m.,100.0
293.0,JP,293.0,293,KALULU P.,D,D,JUVENTUS,,6.04,0.0,0.0,0.0,0.0,6,0.0,0.0,0.0,0.0,6,0.0,0.0,0.0,0.0,6.0,6.0,0.0,0.0,0.0,0.0,0.0,0.0,0.0,0.0,1.0,6.0,6.0,6.0,kalulu p.,293,KALULU P.,D,D,JUVENTUS,,6.04,0.0,0.0,0.0,0.0,6,0.0,0.0,0.0,0.0,6,0.0,0.0,0.0,0.0,6.0,6.0,0.0,0.0,0.0,0.0,0.0,0.0,0.0,0.0,1.0,6.0,6.0,6.0,kalulu p.,kalulu p.,100.0
877.0,JP,877.0,877,KEAN M.,A,A,FIORENTINA,,5.04,0.0,0.0,0.0,0.0,5,0.0,0.0,0.0,0.0,5,0.0,0.0,0.0,0.0,5.0,5.0,0.0,0.0,0.0,0.0,0.0,0.0,0.0,0.0,1.0,5.0,5.0,5.0,kean m.,877,KEAN M.,A,A,FIORENTINA,,5.04,0.0,0.0,0.0,0.0,5,0.0,0.0,0.0,0.0,5,0.0,0.0,0.0,0.0,5.0,5.0,0.0,0.0,0.0,0.0,0.0,0.0,0.0,0.0,1.0,5.0,5.0,5.0,kean m.,kean m.,100.0
599.0,,,599,KEITA M.,C,C,PARMA,,5.53,0.0,0.0,0.0,0.0,6,0.0,0.0,0.0,0.0,6.5,0.0,0.0,0.0,0.0,5.75,6.0,0.0,0.0,0.0,0.0,0.0,0.0,0.0,0.0,1.0,5.5,6.0,6.5,keita m.,599,KEITA M.,C,C,PARMA,,5.53,0.0,0.0,0.0,0.0,6,0.0,0.0,0.0,0.0,6.5,0.0,0.0,0.0,0.0,5.75,6.0,0.0,0.0,0.0,0.0,0.0,0.0,0.0,0.0,1.0,5.5,6.0,6.5,keita m.,keita m.,100.0
295.0,,,295,KELLY L.,D,D,JUVENTUS,,6.04,0.0,0.0,0.0,0.0,6.5,0.0,0.0,0.0,0.0,6.5,0.0,0.0,0.0,0.0,6.25,6.33,0.0,0.0,0.0,0.0,0.0,0.0,0.0,0.0,1.0,6.0,6.5,6.5,kelly l.,295,KELLY L.,D,D,JUVENTUS,,6.04,0.0,0.0,0.0,0.0,6.5,0.0,0.0,0.0,0.0,6.5,0.0,0.0,0.0,0.0,6.25,6.33,0.0,0.0,0.0,0.0,0.0,0.0,0.0,0.0,1.0,6.0,6.5,6.5,kelly l.,kelly l.,100.0
296.0,JH,296.0,296,KEMPF M.,D,D,COMO,,6.53,0.0,0.0,0.0,0.0,7,0.0,0.0,0.0,0.0,7,0.0,0.0,0.0,0.0,6.75,6.83,0.0,0.0,0.0,0.0,0.0,0.0,0.0,0.0,1.0,6.5,7.0,7.0,kempf m.,296,KEMPF M.,D,D,COMO,,6.53,0.0,0.0,0.0,0.0,7,0.0,0.0,0.0,0.0,7,0.0,0.0,0.0,0.0,6.75,6.83,0.0,0.0,0.0,0.0,0.0,0.0,0.0,0.0,1.0,6.5,7.0,7.0,kempf m.,kempf m.,100.0
973.0,JH,973.0,973,KILICSOY S.,A,A,CAGLIARI,,"s,v,",0.0,0.0,0.0,0.0,"s,v,",0.0,0.0,0.0,0.0,"s,v,",0.0,0.0,0.0,0.0,0.0,0.0,1.0,0.0,0.0,0.0,0.0,0.0,0.0,0.0,0.0,0.0,0.0,0.0,kilicsoy s.,973,KILICSOY S.,A,A,CAGLIARI,,"s,v,",0.0,0.0,0.0,0.0,"s,v,",0.0,0.0,0.0,0.0,"s,v,",0.0,0.0,0.0,0.0,0.0,0.0,1.0,0.0,0.0,0.0,0.0,0.0,0.0,0.0,0.0,0.0,0.0,0.0,kilicsoy s.,kilicsoy s.,100.0
702.0,PP,702.0,702,KONE I.,C,C,SASSUOLO,,5.04,0.0,0.0,0.0,0.0,4.5,0.0,0.0,0.0,0.0,5,0.0,0.0,0.0,0.0,4.75,4.83,0.0,1.0,0.0,0.0,0.0,0.0,0.0,0.0,1.0,4.0,3.5,4.0,kone i.,702,KONE I.,C,C,SASSUOLO,,5.04,0.0,0.0,0.0,0.0,4.5,0.0,0.0,0.0,0.0,5,0.0,0.0,0.0,0.0,4.75,4.83,0.0,1.0,0.0,0.0,0.0,0.0,0.0,0.0,1.0,4.0,3.5,4.0,kone i.,kone i.,100.0
602.0,VK,602.0,602,KONE M.,C,C,ROMA,,7.04,0.0,0.0,0.0,0.0,7,0.0,0.0,0.0,0.0,5,0.0,0.0,0.0,0.0,7.0,6.33,0.0,0.0,0.0,0.0,0.0,0.0,0.0,0.0,1.0,7.0,7.0,5.0,kone m.,602,KONE M.,C,C,ROMA,,7.04,0.0,0.0,0.0,0.0,7,0.0,0.0,0.0,0.0,5,0.0,0.0,0.0,0.0,7.0,6.33,0.0,0.0,0.0,0.0,0.0,0.0,0.0,0.0,1.0,7.0,7.0,5.0,kone m.,kone m.,100.0
603.0,JP,603.0,603,KOOPMEINERS T.,C,C,JUVENTUS,15.0,6.04,0.0,0.0,0.0,0.0,6,0.0,0.0,0.0,0.0,5.5,0.0,0.0,0.0,0.0,6.0,5.83,0.0,0.0,0.0,0.0,0.0,0.0,0.0,0.0,0.0,6.0,6.0,5.5,koopmeiners t.,603,KOOPMEINERS T.,C,C,JUVENTUS,15.0,6.04,0.0,0.0,0.0,0.0,6,0.0,0.0,0.0,0.0,5.5,0.0,0.0,0.0,0.0,6.0,5.83,0.0,0.0,0.0,0.0,0.0,0.0,0.0,0.0,0.0,6.0,6.0,5.5,koopmeiners t.,koopmeiners t.,100.0
298.0,PP,298.0,298,KOSSOUNOU O.,D,D,ATALANTA,,"s,v,",0.0,0.0,0.0,0.0,"s,v,",0.0,0.0,0.0,0.0,"s,v,",0.0,0.0,0.0,0.0,0.0,0.0,0.0,0.0,0.0,0.0,0.0,0.0,0.0,0.0,0.0,0.0,0.0,0.0,kossounou o.,298,KOSSOUNOU O.,D,D,ATALANTA,,"s,v,",0.0,0.0,0.0,0.0,"s,v,",0.0,0.0,0.0,0.0,"s,v,",0.0,0.0,0.0,0.0,0.0,0.0,0.0,0.0,0.0,0.0,0.0,0.0,0.0,0.0,0.0,0.0,0.0,0.0,kossounou o.,kossounou o.,100.0
299.0,,,299,KOUASSI T.,D,D,LECCE,15.0,6.04,0.0,0.0,0.0,0.0,6,0.0,0.0,0.0,0.0,6,0.0,0.0,0.0,0.0,6.0,6.0,0.0,0.0,0.0,0.0,0.0,0.0,0.0,0.0,0.0,6.0,6.0,6.0,kouassi t.,299,KOUASSI T.,D,D,LECCE,15.0,6.04,0.0,0.0,0.0,0.0,6,0.0,0.0,0.0,0.0,6,0.0,0.0,0.0,0.0,6.0,6.0,0.0,0.0,0.0,0.0,0.0,0.0,0.0,0.0,0.0,6.0,6.0,6.0,kouassi t.,kouassi t.,100.0
880.0,JP,880.0,880,KRSTOVIC N.,A,A,ATALANTA,15.0,6.04,0.0,0.0,0.0,0.0,6,0.0,0.0,0.0,0.0,6,0.0,0.0,0.0,0.0,6.0,6.0,0.0,0.0,0.0,0.0,0.0,0.0,0.0,0.0,0.0,6.0,6.0,6.0,krstovic n.,880,KRSTOVIC N.,A,A,ATALANTA,15.0,6.04,0.0,0.0,0.0,0.0,6,0.0,0.0,0.0,0.0,6,0.0,0.0,0.0,0.0,6.0,6.0,0.0,0.0,0.0,0.0,0.0,0.0,0.0,0.0,0.0,6.0,6.0,6.0,krstovic n.,krstovic n.,100.0
881.0,,,881,KUHN N.,A,A,COMO,,"s,v,",0.0,0.0,0.0,0.0,"s,v,",0.0,0.0,0.0,0.0,"s,v,",0.0,0.0,0.0,0.0,0.0,0.0,0.0,0.0,0.0,0.0,0.0,0.0,0.0,0.0,0.0,0.0,0.0,0.0,kuhn n.,881,KUHN N.,A,A,COMO,,"s,v,",0.0,0.0,0.0,0.0,"s,v,",0.0,0.0,0.0,0.0,"s,v,",0.0,0.0,0.0,0.0,0.0,0.0,0.0,0.0,0.0,0.0,0.0,0.0,0.0,0.0,0.0,0.0,0.0,0.0,kuhn n.,kuhn n.,100.0
883.0,JP,883.0,883,LANG N.,A,A,NAPOLI,,"s,v,",0.0,0.0,0.0,0.0,"s,v,",0.0,0.0,0.0,0.0,"s,v,",0.0,0.0,0.0,0.0,0.0,0.0,0.0,0.0,0.0,0.0,0.0,0.0,0.0,0.0,0.0,0.0,0.0,0.0,lang n.,883,LANG N.,A,A,NAPOLI,,"s,v,",0.0,0.0,0.0,0.0,"s,v,",0.0,0.0,0.0,0.0,"s,v,",0.0,0.0,0.0,0.0,0.0,0.0,0.0,0.0,0.0,0.0,0.0,0.0,0.0,0.0,0.0,0.0,0.0,0.0,lang n.,lang n.,100.0
885.0,,,885,LAURIENTE A.,A,A,SASSUOLO,,6.04,0.0,0.0,0.0,0.0,5.5,0.0,0.0,0.0,0.0,6,0.0,0.0,0.0,0.0,5.75,5.83,0.0,0.0,0.0,0.0,0.0,0.0,0.0,0.0,1.0,6.0,5.5,6.0,lauriente a.,885,LAURIENTE A.,A,A,SASSUOLO,,6.04,0.0,0.0,0.0,0.0,5.5,0.0,0.0,0.0,0.0,6,0.0,0.0,0.0,0.0,5.75,5.83,0.0,0.0,0.0,0.0,0.0,0.0,0.0,0.0,1.0,6.0,5.5,6.0,lauriente a.,lauriente a.,100.0
305.0,,,305,LAZZARI M.,D,D,LAZIO,,4.53,0.0,0.0,0.0,0.0,4.5,0.0,0.0,0.0,0.0,4.5,0.0,0.0,0.0,0.0,4.5,4.5,0.0,0.0,0.0,0.0,0.0,0.0,0.0,0.0,1.0,4.5,4.5,4.5,lazzari m.,305,LAZZARI M.,D,D,LAZIO,,4.53,0.0,0.0,0.0,0.0,4.5,0.0,0.0,0.0,0.0,4.5,0.0,0.0,0.0,0.0,4.5,4.5,0.0,0.0,0.0,0.0,0.0,0.0,0.0,0.0,1.0,4.5,4.5,4.5,lazzari m.,lazzari m.,100.0
120.0,,,120,LEALI N.,P,P,GENOA,,6.04,0.0,0.0,0.0,0.0,6,0.0,0.0,0.0,0.0,6,0.0,0.0,0.0,0.0,6.0,6.0,0.0,0.0,0.0,0.0,0.0,0.0,0.0,0.0,1.0,6.0,6.0,6.0,leali n.,120,LEALI N.,P,P,GENOA,,6.04,0.0,0.0,0.0,0.0,6,0.0,0.0,0.0,0.0,6,0.0,0.0,0.0,0.0,6.0,6.0,0.0,0.0,0.0,0.0,0.0,0.0,0.0,0.0,1.0,6.0,6.0,6.0,leali n.,leali n.,100.0
612.0,,,612,LIPANI L.,C,C,SASSUOLO,,5.04,0.0,0.0,0.0,0.0,6,0.0,0.0,0.0,0.0,5.5,0.0,0.0,0.0,0.0,5.5,5.5,0.0,0.0,0.0,0.0,0.0,0.0,0.0,0.0,1.0,5.0,6.0,5.5,lipani l.,612,LIPANI L.,C,C,SASSUOLO,,5.04,0.0,0.0,0.0,0.0,6,0.0,0.0,0.0,0.0,5.5,0.0,0.0,0.0,0.0,5.5,5.5,0.0,0.0,0.0,0.0,0.0,0.0,0.0,0.0,1.0,5.0,6.0,5.5,lipani l.,lipani l.,100.0
613.0,,,613,LOBOTKA S.,C,C,NAPOLI,,7.04,0.0,0.0,0.0,0.0,6.5,0.0,0.0,0.0,0.0,6.5,0.0,0.0,0.0,0.0,6.75,6.67,0.0,0.0,0.0,0.0,0.0,0.0,0.0,0.0,1.0,7.0,6.5,6.5,lobotka s.,613,LOBOTKA S.,C,C,NAPOLI,,7.04,0.0,0.0,0.0,0.0,6.5,0.0,0.0,0.0,0.0,6.5,0.0,0.0,0.0,0.0,6.75,6.67,0.0,0.0,0.0,0.0,0.0,0.0,0.0,0.0,1.0,7.0,6.5,6.5,lobotka s.,lobotka s.,100.0
614.0,JK,614.0,614,LOCATELLI M.,C,C,JUVENTUS,,6.04,0.0,0.0,0.0,0.0,6,0.0,0.0,0.0,0.0,6,0.0,0.0,0.0,0.0,6.0,6.0,0.0,0.0,0.0,0.0,0.0,0.0,0.0,0.0,1.0,6.0,6.0,6.0,locatelli m.,614,LOCATELLI M.,C,C,JUVENTUS,,6.04,0.0,0.0,0.0,0.0,6,0.0,0.0,0.0,0.0,6,0.0,0.0,0.0,0.0,6.0,6.0,0.0,0.0,0.0,0.0,0.0,0.0,0.0,0.0,1.0,6.0,6.0,6.0,locatelli m.,locatelli m.,100.0
615.0,TE,615.0,615,LOFTUS-CHEEK R.,C,C,MILAN,,5.04,0.0,0.0,0.0,0.0,4.5,0.0,0.0,0.0,0.0,5.5,0.0,0.0,0.0,0.0,4.75,5.0,0.0,0.0,0.0,0.0,0.0,0.0,0.0,0.0,1.0,5.0,4.5,5.5,loftus-cheek r.,615,LOFTUS-CHEEK R.,C,C,MILAN,,5.04,0.0,0.0,0.0,0.0,4.5,0.0,0.0,0.0,0.0,5.5,0.0,0.0,0.0,0.0,4.75,5.0,0.0,0.0,0.0,0.0,0.0,0.0,0.0,0.0,1.0,5.0,4.5,5.5,loftus-cheek r.,loftus-cheek r.,100.0
307.0,,,307,LOVIK M.,D,D,PARMA,,5.53,0.0,0.0,0.0,0.0,5,0.0,0.0,0.0,0.0,6,0.0,0.0,0.0,0.0,5.25,5.5,0.0,0.0,0.0,0.0,0.0,0.0,0.0,0.0,1.0,5.5,5.0,6.0,lovik m.,307,LOVIK M.,D,D,PARMA,,5.53,0.0,0.0,0.0,0.0,5,0.0,0.0,0.0,0.0,6,0.0,0.0,0.0,0.0,5.25,5.5,0.0,0.0,0.0,0.0,0.0,0.0,0.0,0.0,1.0,5.5,5.0,6.0,lovik m.,lovik m.,100.0
890.0,JK,890.0,890,LUCCA L.,A,A,NAPOLI,,5.04,0.0,0.0,0.0,0.0,6,0.0,0.0,0.0,0.0,5.5,0.0,0.0,0.0,0.0,5.5,5.5,1.0,0.0,0.0,0.0,0.0,0.0,0.0,0.0,1.0,4.5,5.5,5.0,lucca l.,890,LUCCA L.,A,A,NAPOLI,,5.04,0.0,0.0,0.0,0.0,6,0.0,0.0,0.0,0.0,5.5,0.0,0.0,0.0,0.0,5.5,5.5,1.0,0.0,0.0,0.0,0.0,0.0,0.0,0.0,1.0,4.5,5.5,5.0,lucca l.,lucca l.,100.0
309.0,,,309,LUCUMI J.,D,D,BOLOGNA,,4.04,0.0,0.0,0.0,0.0,5,0.0,0.0,0.0,0.0,4,0.0,0.0,0.0,0.0,4.5,4.33,0.0,0.0,0.0,0.0,0.0,0.0,0.0,0.0,1.0,4.0,5.0,4.0,lucumi j.,309,LUCUMI J.,D,D,BOLOGNA,,4.04,0.0,0.0,0.0,0.0,5,0.0,0.0,0.0,0.0,4,0.0,0.0,0.0,0.0,4.5,4.33,0.0,0.0,0.0,0.0,0.0,0.0,0.0,0.0,1.0,4.0,5.0,4.0,lucumi j.,lucumi j.,100.0
311.0,JH,311.0,311,LUPERTO S.,D,D,CAGLIARI,,7.04,1.0,0.0,0.0,0.0,7.5,1.0,0.0,0.0,0.0,7,1.0,0.0,0.0,0.0,7.25,7.17,0.0,0.0,0.0,1.0,0.0,0.0,0.0,0.0,1.0,10.0,10.5,10.0,luperto s.,311,LUPERTO S.,D,D,CAGLIARI,,7.04,1.0,0.0,0.0,0.0,7.5,1.0,0.0,0.0,0.0,7,1.0,0.0,0.0,0.0,7.25,7.17,0.0,0.0,0.0,1.0,0.0,0.0,0.0,0.0,1.0,10.0,10.5,10.0,luperto s.,luperto s.,100.0
893.0,,,893,LUVUMBO S.,A,A,CAGLIARI,15.0,6.04,0.0,0.0,0.0,0.0,6.5,0.0,0.0,0.0,0.0,6.5,0.0,0.0,0.0,0.0,6.25,6.33,0.0,0.0,0.0,0.0,0.0,0.0,0.0,0.0,0.0,6.0,6.5,6.5,luvumbo s.,893,LUVUMBO S.,A,A,CAGLIARI,15.0,6.04,0.0,0.0,0.0,0.0,6.5,0.0,0.0,0.0,0.0,6.5,0.0,0.0,0.0,0.0,6.25,6.33,0.0,0.0,0.0,0.0,0.0,0.0,0.0,0.0,0.0,6.0,6.5,6.5,luvumbo s.,luvumbo s.,100.0
313.0,,,313,LYKOGIANNIS C.,D,D,BOLOGNA,,5.04,0.0,0.0,0.0,0.0,5,0.0,0.0,0.0,0.0,6,0.0,0.0,0.0,0.0,5.0,5.33,0.0,0.0,0.0,0.0,0.0,0.0,0.0,0.0,1.0,5.0,5.0,6.0,lykogiannis c.,313,LYKOGIANNIS C.,D,D,BOLOGNA,,5.04,0.0,0.0,0.0,0.0,5,0.0,0.0,0.0,0.0,6,0.0,0.0,0.0,0.0,5.0,5.33,0.0,0.0,0.0,0.0,0.0,0.0,0.0,0.0,1.0,5.0,5.0,6.0,lykogiannis c.,lykogiannis c.,100.0
123.0,,,123,MAIGNAN M.,P,P,MILAN,,6.04,0.0,2.0,0.0,0.0,6,0.0,2.0,0.0,0.0,6,0.0,2.0,0.0,0.0,6.0,6.0,0.0,0.0,0.0,0.0,0.0,0.0,0.0,0.0,1.0,4.0,4.0,4.0,maignan m.,123,MAIGNAN M.,P,P,MILAN,,6.04,0.0,2.0,0.0,0.0,6,0.0,2.0,0.0,0.0,6,0.0,2.0,0.0,0.0,6.0,6.0,0.0,0.0,0.0,0.0,0.0,0.0,0.0,0.0,1.0,4.0,4.0,4.0,maignan m.,maignan m.,100.0
618.0,JK,618.0,618,MALDINI D.,C,C,ATALANTA,,5.53,0.0,0.0,0.0,0.0,5.5,0.0,0.0,0.0,0.0,6,0.0,0.0,0.0,0.0,5.5,5.67,1.0,0.0,0.0,0.0,0.0,0.0,0.0,0.0,1.0,5.0,5.0,5.5,maldini d.,618,MALDINI D.,C,C,ATALANTA,,5.53,0.0,0.0,0.0,0.0,5.5,0.0,0.0,0.0,0.0,6,0.0,0.0,0.0,0.0,5.5,5.67,1.0,0.0,0.0,0.0,0.0,0.0,0.0,0.0,1.0,5.0,5.0,5.5,maldini d.,maldini d.,100.0
314.0,,,314,MANCINI G.,D,D,ROMA,,6.04,0.0,0.0,0.0,0.0,7,0.0,0.0,0.0,0.0,6,0.0,0.0,0.0,0.0,6.5,6.33,1.0,0.0,0.0,0.0,0.0,0.0,0.0,0.0,1.0,5.5,6.5,5.5,mancini g.,314,MANCINI G.,D,D,ROMA,,6.04,0.0,0.0,0.0,0.0,7,0.0,0.0,0.0,0.0,6,0.0,0.0,0.0,0.0,6.5,6.33,1.0,0.0,0.0,0.0,0.0,0.0,0.0,0.0,1.0,5.5,6.5,5.5,mancini g.,mancini g.,100.0
621.0,MT,621.0,621,MANDRAGORA R.,C,C,FIORENTINA,15.0,7.04,1.0,0.0,0.0,0.0,7,1.0,0.0,0.0,0.0,7,1.0,0.0,0.0,0.0,7.0,7.0,0.0,0.0,0.0,0.0,0.0,0.0,0.0,0.0,0.0,10.0,10.0,10.0,mandragora r.,621,MANDRAGORA R.,C,C,FIORENTINA,15.0,7.04,1.0,0.0,0.0,0.0,7,1.0,0.0,0.0,0.0,7,1.0,0.0,0.0,0.0,7.0,7.0,0.0,0.0,0.0,0.0,0.0,0.0,0.0,0.0,0.0,10.0,10.0,10.0,mandragora r.,mandragora r.,100.0
315.0,,,315,MARCANDALLI A.,D,D,GENOA,,6.04,0.0,0.0,0.0,0.0,6.5,0.0,0.0,0.0,0.0,6.5,0.0,0.0,0.0,0.0,6.25,6.33,0.0,0.0,0.0,0.0,0.0,0.0,0.0,0.0,1.0,6.0,6.5,6.5,marcandalli a.,315,MARCANDALLI A.,D,D,GENOA,,6.04,0.0,0.0,0.0,0.0,6.5,0.0,0.0,0.0,0.0,6.5,0.0,0.0,0.0,0.0,6.25,6.33,0.0,0.0,0.0,0.0,0.0,0.0,0.0,0.0,1.0,6.0,6.5,6.5,marcandalli a.,marcandalli a.,100.0
316.0,,,316,MARI P.,D,D,FIORENTINA,15.0,5.04,0.0,0.0,0.0,0.0,4.5,0.0,0.0,0.0,0.0,5.5,0.0,0.0,0.0,0.0,4.75,5.0,1.0,0.0,0.0,0.0,0.0,0.0,0.0,0.0,0.0,4.5,4.0,5.0,mari p.,316,MARI P.,D,D,FIORENTINA,15.0,5.04,0.0,0.0,0.0,0.0,4.5,0.0,0.0,0.0,0.0,5.5,0.0,0.0,0.0,0.0,4.75,5.0,1.0,0.0,0.0,0.0,0.0,0.0,0.0,0.0,0.0,4.5,4.0,5.0,mari p.,mari p.,100.0
624.0,,,624,MARIN M.,C,C,PISA,,7.04,0.0,0.0,0.0,0.0,7,0.0,0.0,0.0,0.0,6,0.0,0.0,0.0,0.0,7.0,6.67,0.0,0.0,0.0,0.0,0.0,0.0,0.0,0.0,1.0,7.0,7.0,6.0,marin m.,624,MARIN M.,C,C,PISA,,7.04,0.0,0.0,0.0,0.0,7,0.0,0.0,0.0,0.0,6,0.0,0.0,0.0,0.0,7.0,6.67,0.0,0.0,0.0,0.0,0.0,0.0,0.0,0.0,1.0,7.0,7.0,6.0,marin m.,marin m.,100.0
418.0,,,418,MARIO J.,D,D,JUVENTUS,15.0,6.53,0.0,0.0,0.0,0.0,6.5,0.0,0.0,0.0,0.0,6,0.0,0.0,0.0,0.0,6.5,6.33,0.0,0.0,0.0,0.0,0.0,0.0,0.0,0.0,0.0,6.5,6.5,6.0,mario j.,418,MARIO J.,D,D,JUVENTUS,15.0,6.53,0.0,0.0,0.0,0.0,6.5,0.0,0.0,0.0,0.0,6,0.0,0.0,0.0,0.0,6.5,6.33,0.0,0.0,0.0,0.0,0.0,0.0,0.0,0.0,0.0,6.5,6.5,6.0,mario j.,mario j.,100.0
319.0,,,319,MARTIN A.,D,D,GENOA,,6.04,0.0,0.0,0.0,0.0,6,0.0,0.0,0.0,0.0,6.5,0.0,0.0,0.0,0.0,6.0,6.17,1.0,0.0,0.0,0.0,0.0,0.0,0.0,0.0,1.0,5.5,5.5,6.0,martin a.,319,MARTIN A.,D,D,GENOA,,6.04,0.0,0.0,0.0,0.0,6,0.0,0.0,0.0,0.0,6.5,0.0,0.0,0.0,0.0,6.0,6.17,1.0,0.0,0.0,0.0,0.0,0.0,0.0,0.0,1.0,5.5,5.5,6.0,martin a.,martin a.,100.0
320.0,,,320,MARUSIC A.,D,D,LAZIO,15.0,5.04,0.0,0.0,0.0,0.0,5,0.0,0.0,0.0,0.0,5,0.0,0.0,0.0,0.0,5.0,5.0,0.0,0.0,0.0,0.0,0.0,0.0,0.0,0.0,0.0,5.0,5.0,5.0,marusic a.,320,MARUSIC A.,D,D,LAZIO,15.0,5.04,0.0,0.0,0.0,0.0,5,0.0,0.0,0.0,0.0,5,0.0,0.0,0.0,0.0,5.0,5.0,0.0,0.0,0.0,0.0,0.0,0.0,0.0,0.0,0.0,5.0,5.0,5.0,marusic a.,marusic a.,100.0
626.0,,,626,MASINI P.,C,C,GENOA,,6.04,0.0,0.0,0.0,0.0,6.5,0.0,0.0,0.0,0.0,6,0.0,0.0,0.0,0.0,6.25,6.17,0.0,0.0,0.0,0.0,0.0,0.0,0.0,0.0,1.0,6.0,6.5,6.0,masini p.,626,MASINI P.,C,C,GENOA,,6.04,0.0,0.0,0.0,0.0,6.5,0.0,0.0,0.0,0.0,6,0.0,0.0,0.0,0.0,6.25,6.17,0.0,0.0,0.0,0.0,0.0,0.0,0.0,0.0,1.0,6.0,6.5,6.0,masini p.,masini p.,100.0
703.0,,,703,MAZZITELLI L.,C,C,CAGLIARI,15.0,5.53,0.0,0.0,0.0,0.0,6.5,0.0,0.0,0.0,0.0,6.5,0.0,0.0,0.0,0.0,6.0,6.17,1.0,0.0,0.0,0.0,0.0,0.0,0.0,0.0,0.0,5.0,6.0,6.0,mazzitelli l.,703,MAZZITELLI L.,C,C,CAGLIARI,15.0,5.53,0.0,0.0,0.0,0.0,6.5,0.0,0.0,0.0,0.0,6.5,0.0,0.0,0.0,0.0,6.0,6.17,1.0,0.0,0.0,0.0,0.0,0.0,0.0,0.0,0.0,5.0,6.0,6.0,mazzitelli l.,mazzitelli l.,100.0
628.0,,,628,MCKENNIE W.,C,C,JUVENTUS,,"s,v,",0.0,0.0,0.0,0.0,"s,v,",0.0,0.0,0.0,0.0,"s,v,",0.0,0.0,0.0,0.0,0.0,0.0,0.0,0.0,0.0,0.0,0.0,0.0,0.0,0.0,0.0,0.0,0.0,0.0,mckennie w.,628,MCKENNIE W.,C,C,JUVENTUS,,"s,v,",0.0,0.0,0.0,0.0,"s,v,",0.0,0.0,0.0,0.0,"s,v,",0.0,0.0,0.0,0.0,0.0,0.0,0.0,0.0,0.0,0.0,0.0,0.0,0.0,0.0,0.0,0.0,0.0,0.0,mckennie w.,mckennie w.,100.0
629.0,TE,629.0,629,MCTOMINAY S.,C,C,NAPOLI,,7.53,1.0,0.0,0.0,0.0,7.5,1.0,0.0,0.0,0.0,7.5,1.0,0.0,0.0,0.0,7.5,7.5,0.0,0.0,1.0,0.0,0.0,0.0,0.0,0.0,1.0,10.5,10.5,10.5,mctominay s.,629,MCTOMINAY S.,C,C,NAPOLI,,7.53,1.0,0.0,0.0,0.0,7.5,1.0,0.0,0.0,0.0,7.5,1.0,0.0,0.0,0.0,7.5,7.5,0.0,0.0,1.0,0.0,0.0,0.0,0.0,0.0,1.0,10.5,10.5,10.5,mctominay s.,mctominay s.,100.0
897.0,,,897,MEISTER H.,A,A,PISA,,6.04,0.0,0.0,0.0,0.0,6.5,0.0,0.0,0.0,0.0,6,0.0,0.0,0.0,0.0,6.25,6.17,0.0,0.0,0.0,0.0,0.0,0.0,0.0,0.0,1.0,6.0,6.5,6.0,meister h.,897,MEISTER H.,A,A,PISA,,6.04,0.0,0.0,0.0,0.0,6.5,0.0,0.0,0.0,0.0,6,0.0,0.0,0.0,0.0,6.25,6.17,0.0,0.0,0.0,0.0,0.0,0.0,0.0,0.0,1.0,6.0,6.5,6.0,meister h.,meister h.,100.0
129.0,,,129,MERET A.,P,P,NAPOLI,,5.53,0.0,0.0,0.0,0.0,6,0.0,0.0,0.0,0.0,5.5,0.0,0.0,0.0,0.0,5.75,5.67,0.0,0.0,0.0,0.0,0.0,0.0,0.0,0.0,1.0,5.5,6.0,5.5,meret a.,129,MERET A.,P,P,NAPOLI,,5.53,0.0,0.0,0.0,0.0,6,0.0,0.0,0.0,0.0,5.5,0.0,0.0,0.0,0.0,5.75,5.67,0.0,0.0,0.0,0.0,0.0,0.0,0.0,0.0,1.0,5.5,6.0,5.5,meret a.,meret a.,100.0
630.0,,,630,MESSIAS J.,C,C,GENOA,15.0,6.04,0.0,0.0,0.0,0.0,5.5,0.0,0.0,0.0,0.0,5,0.0,0.0,0.0,0.0,5.75,5.5,0.0,0.0,0.0,0.0,0.0,0.0,0.0,0.0,0.0,6.0,5.5,5.0,messias j.,630,MESSIAS J.,C,C,GENOA,15.0,6.04,0.0,0.0,0.0,0.0,5.5,0.0,0.0,0.0,0.0,5,0.0,0.0,0.0,0.0,5.75,5.5,0.0,0.0,0.0,0.0,0.0,0.0,0.0,0.0,0.0,6.0,5.5,5.0,messias j.,messias j.,100.0
324.0,VK,324.0,324,MINA Y.,D,D,CAGLIARI,,6.04,0.0,0.0,0.0,0.0,6,0.0,0.0,0.0,0.0,5.5,0.0,0.0,0.0,0.0,6.0,5.83,0.0,0.0,0.0,0.0,0.0,0.0,0.0,0.0,1.0,6.0,6.0,5.5,mina y.,324,MINA Y.,D,D,CAGLIARI,,6.04,0.0,0.0,0.0,0.0,6,0.0,0.0,0.0,0.0,5.5,0.0,0.0,0.0,0.0,6.0,5.83,0.0,0.0,0.0,0.0,0.0,0.0,0.0,0.0,1.0,6.0,6.0,5.5,mina y.,mina y.,100.0
634.0,,,634,MODRIC L.,C,C,MILAN,,6.53,0.0,0.0,0.0,0.0,6.5,0.0,0.0,0.0,0.0,6.5,0.0,0.0,0.0,0.0,6.5,6.5,0.0,0.0,0.0,0.0,0.0,0.0,0.0,0.0,1.0,6.5,6.5,6.5,modric l.,634,MODRIC L.,C,C,MILAN,,6.53,0.0,0.0,0.0,0.0,6.5,0.0,0.0,0.0,0.0,6.5,0.0,0.0,0.0,0.0,6.5,6.5,0.0,0.0,0.0,0.0,0.0,0.0,0.0,0.0,1.0,6.5,6.5,6.5,modric l.,modric l.,100.0
974.0,,,974,MORATA A.,A,A,COMO,15.0,6.53,0.0,0.0,0.0,0.0,6.5,0.0,0.0,0.0,0.0,6,0.0,0.0,0.0,0.0,6.5,6.33,0.0,0.0,0.0,0.0,0.0,0.0,0.0,0.0,0.0,6.5,6.5,6.0,morata a.,974,MORATA A.,A,A,COMO,15.0,6.53,0.0,0.0,0.0,0.0,6.5,0.0,0.0,0.0,0.0,6,0.0,0.0,0.0,0.0,6.5,6.33,0.0,0.0,0.0,0.0,0.0,0.0,0.0,0.0,0.0,6.5,6.5,6.0,morata a.,morata a.,100.0
901.0,,,901,MORENTE T.,A,A,LECCE,,6.04,0.0,0.0,0.0,0.0,6.5,0.0,0.0,0.0,0.0,6.5,0.0,0.0,0.0,0.0,6.25,6.33,1.0,0.0,0.0,0.0,0.0,0.0,0.0,0.0,1.0,5.5,6.0,6.0,morente t.,901,MORENTE T.,A,A,LECCE,,6.04,0.0,0.0,0.0,0.0,6.5,0.0,0.0,0.0,0.0,6.5,0.0,0.0,0.0,0.0,6.25,6.33,1.0,0.0,0.0,0.0,0.0,0.0,0.0,0.0,1.0,5.5,6.0,6.0,morente t.,morente t.,100.0
902.0,,,902,MOREO S.,A,A,PISA,,6.53,0.0,0.0,0.0,0.0,6.5,0.0,0.0,0.0,0.0,6,0.0,0.0,0.0,0.0,6.5,6.33,0.0,0.0,0.0,0.0,0.0,0.0,0.0,0.0,1.0,6.5,6.5,6.0,moreo s.,902,MOREO S.,A,A,PISA,,6.53,0.0,0.0,0.0,0.0,6.5,0.0,0.0,0.0,0.0,6,0.0,0.0,0.0,0.0,6.5,6.33,0.0,0.0,0.0,0.0,0.0,0.0,0.0,0.0,1.0,6.5,6.5,6.0,moreo s.,moreo s.,100.0
903.0,,,903,MORO L.,A,A,SASSUOLO,,"s,v,",0.0,0.0,0.0,0.0,"s,v,",0.0,0.0,0.0,0.0,"s,v,",0.0,0.0,0.0,0.0,0.0,0.0,0.0,0.0,0.0,0.0,0.0,0.0,0.0,0.0,0.0,0.0,0.0,0.0,moro l.,903,MORO L.,A,A,SASSUOLO,,"s,v,",0.0,0.0,0.0,0.0,"s,v,",0.0,0.0,0.0,0.0,"s,v,",0.0,0.0,0.0,0.0,0.0,0.0,0.0,0.0,0.0,0.0,0.0,0.0,0.0,0.0,0.0,0.0,0.0,0.0,moro l.,moro l.,100.0
331.0,PP,331.0,331,MUHAREMOVIC T.,D,D,SASSUOLO,,5.53,0.0,0.0,0.0,0.0,5,0.0,0.0,0.0,0.0,5,0.0,0.0,0.0,0.0,5.25,5.17,0.0,0.0,0.0,0.0,0.0,0.0,0.0,0.0,1.0,5.5,5.0,5.0,muharemovic t.,331,MUHAREMOVIC T.,D,D,SASSUOLO,,5.53,0.0,0.0,0.0,0.0,5,0.0,0.0,0.0,0.0,5,0.0,0.0,0.0,0.0,5.25,5.17,0.0,0.0,0.0,0.0,0.0,0.0,0.0,0.0,1.0,5.5,5.0,5.0,muharemovic t.,muharemovic t.,100.0
910.0,,,910,N'DRI K.,A,A,LECCE,,"s,v,",0.0,0.0,0.0,0.0,"s,v,",0.0,0.0,0.0,0.0,"s,v,",0.0,0.0,0.0,0.0,0.0,0.0,0.0,0.0,0.0,0.0,0.0,0.0,0.0,0.0,0.0,0.0,0.0,0.0,n'dri k.,910,N'DRI K.,A,A,LECCE,,"s,v,",0.0,0.0,0.0,0.0,"s,v,",0.0,0.0,0.0,0.0,"s,v,",0.0,0.0,0.0,0.0,0.0,0.0,0.0,0.0,0.0,0.0,0.0,0.0,0.0,0.0,0.0,0.0,0.0,0.0,n'dri k.,n'dri k.,100.0
332.0,TE,332.0,332,NDICKA E.,D,D,ROMA,,6.53,0.0,0.0,0.0,0.0,7,0.0,0.0,0.0,0.0,6.5,0.0,0.0,0.0,0.0,6.75,6.67,0.0,0.0,0.0,0.0,0.0,0.0,0.0,0.0,1.0,6.5,7.0,6.5,ndicka e.,332,NDICKA E.,D,D,ROMA,,6.53,0.0,0.0,0.0,0.0,7,0.0,0.0,0.0,0.0,6.5,0.0,0.0,0.0,0.0,6.75,6.67,0.0,0.0,0.0,0.0,0.0,0.0,0.0,0.0,1.0,6.5,7.0,6.5,ndicka e.,ndicka e.,100.0
637.0,VK,637.0,637,NDOUR C.,C,C,FIORENTINA,,5.04,0.0,0.0,0.0,0.0,5,0.0,0.0,0.0,0.0,5,0.0,0.0,0.0,0.0,5.0,5.0,0.0,0.0,0.0,0.0,0.0,0.0,0.0,0.0,1.0,5.0,5.0,5.0,ndour c.,637,NDOUR C.,C,C,FIORENTINA,,5.04,0.0,0.0,0.0,0.0,5,0.0,0.0,0.0,0.0,5,0.0,0.0,0.0,0.0,5.0,5.0,0.0,0.0,0.0,0.0,0.0,0.0,0.0,0.0,1.0,5.0,5.0,5.0,ndour c.,ndour c.,100.0
911.0,VK,911.0,911,NERES D.,A,A,NAPOLI,,6.04,0.0,0.0,0.0,0.0,6,0.0,0.0,0.0,0.0,"s,v,",0.0,0.0,0.0,0.0,6.0,6.0,0.0,0.0,0.0,0.0,0.0,0.0,0.0,0.0,0.0,6.0,6.0,0.0,neres d.,911,NERES D.,A,A,NAPOLI,,6.04,0.0,0.0,0.0,0.0,6,0.0,0.0,0.0,0.0,"s,v,",0.0,0.0,0.0,0.0,6.0,6.0,0.0,0.0,0.0,0.0,0.0,0.0,0.0,0.0,0.0,6.0,6.0,0.0,neres d.,neres d.,100.0
,,,ALL.,NICOLA D.,ALL,ALL,CREMONESE,,8,,,,,7,,,,,7.5,,,,,,,0.0,0.0,,,,,,,,,,,nicola d.,ALL.,NICOLA D.,ALL,ALL,CREMONESE,,8,,,,,7,,,,,7.5,,,,,,,0.0,0.0,,,,,,,,,,,nicola d.,nicola d.,100.0
333.0,TE,333.0,333,NORTON-CUFFY B.,D,D,GENOA,,6.04,0.0,0.0,0.0,0.0,6,0.0,0.0,0.0,0.0,5.5,0.0,0.0,0.0,0.0,6.0,5.83,0.0,0.0,0.0,0.0,0.0,0.0,0.0,0.0,1.0,6.0,6.0,5.5,norton-cuffy b.,333,NORTON-CUFFY B.,D,D,GENOA,,6.04,0.0,0.0,0.0,0.0,6,0.0,0.0,0.0,0.0,5.5,0.0,0.0,0.0,0.0,6.0,5.83,0.0,0.0,0.0,0.0,0.0,0.0,0.0,0.0,1.0,6.0,6.0,5.5,norton-cuffy b.,norton-cuffy b.,100.0
334.0,TE,334.0,334,NUNO TAVARES,D,D,LAZIO,,5.04,0.0,0.0,0.0,0.0,4.5,0.0,0.0,0.0,0.0,5,0.0,0.0,0.0,0.0,4.75,4.83,0.0,0.0,0.0,0.0,0.0,0.0,0.0,0.0,1.0,5.0,4.5,5.0,nuno tavares,334,NUNO TAVARES,D,D,LAZIO,,5.04,0.0,0.0,0.0,0.0,4.5,0.0,0.0,0.0,0.0,5,0.0,0.0,0.0,0.0,4.75,4.83,0.0,0.0,0.0,0.0,0.0,0.0,0.0,0.0,1.0,5.0,4.5,5.0,nuno tavares,nuno tavares,100.0
915.0,,,915,NZOLA M.,A,A,PISA,15.0,6.04,0.0,0.0,0.0,0.0,5.5,0.0,0.0,0.0,0.0,5.5,0.0,0.0,0.0,0.0,5.75,5.67,0.0,0.0,0.0,0.0,0.0,0.0,0.0,0.0,0.0,6.0,5.5,5.5,nzola m.,915,NZOLA M.,A,A,PISA,15.0,6.04,0.0,0.0,0.0,0.0,5.5,0.0,0.0,0.0,0.0,5.5,0.0,0.0,0.0,0.0,5.75,5.67,0.0,0.0,0.0,0.0,0.0,0.0,0.0,0.0,0.0,6.0,5.5,5.5,nzola m.,nzola m.,100.0
335.0,IÄ,335.0,335,OBERT A.,D,D,CAGLIARI,,5.53,0.0,0.0,0.0,0.0,6.5,0.0,0.0,0.0,0.0,5.5,0.0,0.0,0.0,0.0,6.0,5.83,1.0,0.0,0.0,0.0,0.0,0.0,0.0,0.0,1.0,5.0,6.0,5.0,obert a.,335,OBERT A.,D,D,CAGLIARI,,5.53,0.0,0.0,0.0,0.0,6.5,0.0,0.0,0.0,0.0,5.5,0.0,0.0,0.0,0.0,6.0,5.83,1.0,0.0,0.0,0.0,0.0,0.0,0.0,0.0,1.0,5.0,6.0,5.0,obert a.,obert a.,100.0
916.0,,,916,ODGAARD J.,A,A,BOLOGNA,,5.04,0.0,0.0,0.0,0.0,5,0.0,0.0,0.0,0.0,5,0.0,0.0,0.0,0.0,5.0,5.0,0.0,0.0,0.0,0.0,0.0,0.0,0.0,0.0,1.0,5.0,5.0,5.0,odgaard j.,916,ODGAARD J.,A,A,BOLOGNA,,5.04,0.0,0.0,0.0,0.0,5,0.0,0.0,0.0,0.0,5,0.0,0.0,0.0,0.0,5.0,5.0,0.0,0.0,0.0,0.0,0.0,0.0,0.0,0.0,1.0,5.0,5.0,5.0,odgaard j.,odgaard j.,100.0
918.0,,,918,OKEREKE D.,A,A,CREMONESE,,6.04,0.0,0.0,0.0,0.0,6,0.0,0.0,0.0,0.0,5,0.0,0.0,0.0,0.0,6.0,5.67,0.0,0.0,0.0,0.0,0.0,0.0,0.0,0.0,1.0,6.0,6.0,5.0,okereke d.,918,OKEREKE D.,A,A,CREMONESE,,6.04,0.0,0.0,0.0,0.0,6,0.0,0.0,0.0,0.0,5,0.0,0.0,0.0,0.0,6.0,5.67,0.0,0.0,0.0,0.0,0.0,0.0,0.0,0.0,1.0,6.0,6.0,5.0,okereke d.,okereke d.,100.0
337.0,,,337,OLIVERA M.,D,D,NAPOLI,,6.04,0.0,0.0,0.0,0.0,6.5,0.0,0.0,0.0,0.0,6,0.0,0.0,0.0,0.0,6.25,6.17,0.0,0.0,0.0,0.0,0.0,0.0,0.0,0.0,1.0,6.0,6.5,6.0,olivera m.,337,OLIVERA M.,D,D,NAPOLI,,6.04,0.0,0.0,0.0,0.0,6.5,0.0,0.0,0.0,0.0,6,0.0,0.0,0.0,0.0,6.25,6.17,0.0,0.0,0.0,0.0,0.0,0.0,0.0,0.0,1.0,6.0,6.5,6.0,olivera m.,olivera m.,100.0
639.0,,,639,ORDONEZ C.,C,C,PARMA,,5.04,0.0,0.0,0.0,0.0,6,0.0,0.0,0.0,0.0,5,0.0,0.0,0.0,0.0,5.5,5.33,0.0,0.0,0.0,0.0,0.0,0.0,0.0,0.0,1.0,5.0,6.0,5.0,ordonez c.,639,ORDONEZ C.,C,C,PARMA,,5.04,0.0,0.0,0.0,0.0,6,0.0,0.0,0.0,0.0,5,0.0,0.0,0.0,0.0,5.5,5.33,0.0,0.0,0.0,0.0,0.0,0.0,0.0,0.0,1.0,5.0,6.0,5.0,ordonez c.,ordonez c.,100.0
920.0,MT,920.0,920,ORSOLINI R.,A,A,BOLOGNA,,6.04,0.0,0.0,0.0,0.0,6.5,0.0,0.0,0.0,0.0,5.5,0.0,0.0,0.0,0.0,6.25,6.0,0.0,0.0,0.0,0.0,0.0,0.0,0.0,0.0,1.0,6.0,6.5,5.5,orsolini r.,920,ORSOLINI R.,A,A,BOLOGNA,,6.04,0.0,0.0,0.0,0.0,6.5,0.0,0.0,0.0,0.0,5.5,0.0,0.0,0.0,0.0,6.25,6.0,0.0,0.0,0.0,0.0,0.0,0.0,0.0,0.0,1.0,6.0,6.5,5.5,orsolini r.,orsolini r.,100.0
341.0,,,341,PARISI F.,D,D,FIORENTINA,,6.04,0.0,0.0,0.0,0.0,5.5,0.0,0.0,0.0,0.0,5.5,0.0,0.0,0.0,0.0,5.75,5.67,0.0,0.0,0.0,0.0,0.0,0.0,0.0,0.0,0.0,6.0,5.5,5.5,parisi f.,341,PARISI F.,D,D,FIORENTINA,,6.04,0.0,0.0,0.0,0.0,5.5,0.0,0.0,0.0,0.0,5.5,0.0,0.0,0.0,0.0,5.75,5.67,0.0,0.0,0.0,0.0,0.0,0.0,0.0,0.0,0.0,6.0,5.5,5.5,parisi f.,parisi f.,100.0
643.0,,,643,PASALIC M.,C,C,ATALANTA,,5.53,0.0,0.0,0.0,1.0,5.5,0.0,0.0,0.0,1.0,6.5,0.0,0.0,0.0,1.0,5.5,5.83,0.0,0.0,0.0,0.0,0.0,0.0,0.0,0.0,1.0,6.5,5.5,7.5,pasalic m.,643,PASALIC M.,C,C,ATALANTA,,5.53,0.0,0.0,0.0,1.0,5.5,0.0,0.0,0.0,1.0,6.5,0.0,0.0,0.0,1.0,5.5,5.83,0.0,0.0,0.0,0.0,0.0,0.0,0.0,0.0,1.0,6.5,5.5,7.5,pasalic m.,pasalic m.,100.0
345.0,PP,345.0,345,PAVLOVIC S.,D,D,MILAN,,6.04,1.0,0.0,0.0,0.0,5.5,1.0,0.0,0.0,0.0,5.5,1.0,0.0,0.0,0.0,5.75,5.67,0.0,0.0,0.0,0.0,0.0,0.0,0.0,0.0,1.0,9.0,8.5,8.5,pavlovic s.,345,PAVLOVIC S.,D,D,MILAN,,6.04,1.0,0.0,0.0,0.0,5.5,1.0,0.0,0.0,0.0,5.5,1.0,0.0,0.0,0.0,5.75,5.67,0.0,0.0,0.0,0.0,0.0,0.0,0.0,0.0,1.0,9.0,8.5,8.5,pavlovic s.,pavlovic s.,100.0
644.0,,,644,PAYERO M.,C,C,CREMONESE,15.0,6.04,0.0,0.0,0.0,0.0,5.5,0.0,0.0,0.0,0.0,5.5,0.0,0.0,0.0,0.0,5.75,5.67,1.0,0.0,0.0,0.0,0.0,0.0,0.0,0.0,0.0,5.5,5.0,5.0,payero m.,644,PAYERO M.,C,C,CREMONESE,15.0,6.04,0.0,0.0,0.0,0.0,5.5,0.0,0.0,0.0,0.0,5.5,0.0,0.0,0.0,0.0,5.75,5.67,1.0,0.0,0.0,0.0,0.0,0.0,0.0,0.0,0.0,5.5,5.0,5.0,payero m.,payero m.,100.0
645.0,JK,645.0,645,PAZ N.,C,C,COMO,,8.04,1.0,0.0,0.0,1.0,9,1.0,0.0,0.0,1.0,8,1.0,0.0,0.0,1.0,8.5,8.33,1.0,0.0,0.0,0.0,0.0,0.0,0.0,0.0,1.0,11.5,11.5,11.5,paz n.,645,PAZ N.,C,C,COMO,,8.04,1.0,0.0,0.0,1.0,9,1.0,0.0,0.0,1.0,8,1.0,0.0,0.0,1.0,8.5,8.33,1.0,0.0,0.0,0.0,0.0,0.0,0.0,0.0,1.0,11.5,11.5,11.5,paz n.,paz n.,100.0
924.0,,,924,PEDRO,A,A,LAZIO,15.0,5.04,0.0,0.0,0.0,0.0,5,0.0,0.0,0.0,0.0,5.5,0.0,0.0,0.0,0.0,5.0,5.17,0.0,0.0,0.0,0.0,0.0,0.0,0.0,0.0,0.0,5.0,5.0,5.5,pedro,924,PEDRO,A,A,LAZIO,15.0,5.04,0.0,0.0,0.0,0.0,5,0.0,0.0,0.0,0.0,5.5,0.0,0.0,0.0,0.0,5.0,5.17,0.0,0.0,0.0,0.0,0.0,0.0,0.0,0.0,0.0,5.0,5.0,5.5,pedro,pedro,100.0
349.0,,,349,PELLEGRINI Lu.,D,D,LAZIO,15.0,5.04,0.0,0.0,0.0,0.0,5,0.0,0.0,0.0,0.0,"s,v,",0.0,0.0,0.0,0.0,5.0,5.0,0.0,0.0,0.0,0.0,0.0,0.0,0.0,0.0,0.0,5.0,5.0,0.0,pellegrini lu.,349,PELLEGRINI Lu.,D,D,LAZIO,15.0,5.04,0.0,0.0,0.0,0.0,5,0.0,0.0,0.0,0.0,"s,v,",0.0,0.0,0.0,0.0,5.0,5.0,0.0,0.0,0.0,0.0,0.0,0.0,0.0,0.0,0.0,5.0,5.0,0.0,pellegrini lu.,pellegrini lu.,100.0
926.0,MT,926.0,926,PELLEGRINO M.,A,A,PARMA,,5.53,0.0,0.0,0.0,0.0,6,0.0,0.0,0.0,0.0,5,0.0,0.0,0.0,0.0,5.75,5.5,0.0,0.0,0.0,0.0,0.0,0.0,0.0,0.0,1.0,5.5,6.0,5.0,pellegrino m.,926,PELLEGRINO M.,A,A,PARMA,,5.53,0.0,0.0,0.0,0.0,6,0.0,0.0,0.0,0.0,5,0.0,0.0,0.0,0.0,5.75,5.5,0.0,0.0,0.0,0.0,0.0,0.0,0.0,0.0,1.0,5.5,6.0,5.0,pellegrino m.,pellegrino m.,100.0
649.0,,,649,PERRONE M.,C,C,COMO,,7.04,0.0,0.0,0.0,0.0,7,0.0,0.0,0.0,0.0,6,0.0,0.0,0.0,0.0,7.0,6.67,0.0,0.0,0.0,0.0,0.0,0.0,0.0,0.0,1.0,7.0,7.0,6.0,perrone m.,649,PERRONE M.,C,C,COMO,,7.04,0.0,0.0,0.0,0.0,7,0.0,0.0,0.0,0.0,6,0.0,0.0,0.0,0.0,7.0,6.67,0.0,0.0,0.0,0.0,0.0,0.0,0.0,0.0,1.0,7.0,7.0,6.0,perrone m.,perrone m.,100.0
422.0,JH,422.0,422,PEZZELLA GI.,D,D,CREMONESE,,7.04,0.0,0.0,0.0,1.0,6.5,0.0,0.0,0.0,1.0,6.5,0.0,0.0,0.0,1.0,6.75,6.67,0.0,0.0,0.0,0.0,0.0,0.0,0.0,0.0,1.0,8.0,6.5,7.5,pezzella gi.,422,PEZZELLA GI.,D,D,CREMONESE,,7.04,0.0,0.0,0.0,1.0,6.5,0.0,0.0,0.0,1.0,6.5,0.0,0.0,0.0,1.0,6.75,6.67,0.0,0.0,0.0,0.0,0.0,0.0,0.0,0.0,1.0,8.0,6.5,7.5,pezzella gi.,pezzella gi.,100.0
650.0,,,650,PICCININI G.,C,C,PISA,,"s,v,",0.0,0.0,0.0,0.0,6,0.0,0.0,0.0,0.0,"s,v,",0.0,0.0,0.0,0.0,6.0,6.0,0.0,0.0,0.0,0.0,0.0,0.0,0.0,0.0,0.0,0.0,6.0,0.0,piccinini g.,650,PICCININI G.,C,C,PISA,,"s,v,",0.0,0.0,0.0,0.0,6,0.0,0.0,0.0,0.0,"s,v,",0.0,0.0,0.0,0.0,6.0,6.0,0.0,0.0,0.0,0.0,0.0,0.0,0.0,0.0,0.0,0.0,6.0,0.0,piccinini g.,piccinini g.,100.0
928.0,,,928,PIERINI N.,A,A,SASSUOLO,,"s,v,",0.0,0.0,0.0,0.0,"s,v,",0.0,0.0,0.0,0.0,5,0.0,0.0,0.0,0.0,0.0,5.0,0.0,0.0,0.0,0.0,0.0,0.0,0.0,0.0,0.0,0.0,0.0,5.0,pierini n.,928,PIERINI N.,A,A,SASSUOLO,,"s,v,",0.0,0.0,0.0,0.0,"s,v,",0.0,0.0,0.0,0.0,5,0.0,0.0,0.0,0.0,0.0,5.0,0.0,0.0,0.0,0.0,0.0,0.0,0.0,0.0,0.0,0.0,0.0,5.0,pierini n.,pierini n.,100.0
651.0,,,651,PIERRET B.,C,C,LECCE,,"s,v,",0.0,0.0,0.0,0.0,"s,v,",0.0,0.0,0.0,0.0,"s,v,",0.0,0.0,0.0,0.0,0.0,0.0,0.0,0.0,0.0,0.0,0.0,0.0,0.0,0.0,0.0,0.0,0.0,0.0,pierret b.,651,PIERRET B.,C,C,LECCE,,"s,v,",0.0,0.0,0.0,0.0,"s,v,",0.0,0.0,0.0,0.0,"s,v,",0.0,0.0,0.0,0.0,0.0,0.0,0.0,0.0,0.0,0.0,0.0,0.0,0.0,0.0,0.0,0.0,0.0,0.0,pierret b.,pierret b.,100.0
930.0,JK,930.0,930,PINAMONTI A.,A,A,SASSUOLO,,5.53,0.0,0.0,0.0,0.0,5,0.0,0.0,0.0,0.0,5,0.0,0.0,0.0,0.0,5.25,5.17,0.0,0.0,0.0,0.0,0.0,0.0,0.0,0.0,1.0,5.5,5.0,5.0,pinamonti a.,930,PINAMONTI A.,A,A,SASSUOLO,,5.53,0.0,0.0,0.0,0.0,5,0.0,0.0,0.0,0.0,5,0.0,0.0,0.0,0.0,5.25,5.17,0.0,0.0,0.0,0.0,0.0,0.0,0.0,0.0,1.0,5.5,5.0,5.0,pinamonti a.,pinamonti a.,100.0
,,,ALL.,PIOLI S.,ALL,ALL,FIORENTINA,,6,,,,,5.5,,,,,5.5,,,,,,,0.0,0.0,,,,,,,,,,,pioli s.,ALL.,PIOLI S.,ALL,ALL,FIORENTINA,,6,,,,,5.5,,,,,5.5,,,,,,,0.0,0.0,,,,,,,,,,,pioli s.,pioli s.,100.0
,,,ALL.,PISACANE F.,ALL,ALL,CAGLIARI,,6.5,,,,,7,,,,,6.5,,,,,,,0.0,0.0,,,,,,,,,,,pisacane f.,ALL.,PISACANE F.,ALL,ALL,CAGLIARI,,6.5,,,,,7,,,,,6.5,,,,,,,0.0,0.0,,,,,,,,,,,pisacane f.,pisacane f.,100.0
654.0,MT,654.0,654,POBEGA T.,C,C,BOLOGNA,,5.04,0.0,0.0,0.0,0.0,5,0.0,0.0,0.0,0.0,5,0.0,0.0,0.0,0.0,5.0,5.0,0.0,0.0,0.0,0.0,0.0,0.0,0.0,0.0,1.0,5.0,5.0,5.0,pobega t.,654,POBEGA T.,C,C,BOLOGNA,,5.04,0.0,0.0,0.0,0.0,5,0.0,0.0,0.0,0.0,5,0.0,0.0,0.0,0.0,5.0,5.0,0.0,0.0,0.0,0.0,0.0,0.0,0.0,0.0,1.0,5.0,5.0,5.0,pobega t.,pobega t.,100.0
931.0,,,931,POLITANO M.,A,A,NAPOLI,,7.53,0.0,0.0,0.0,1.0,7,0.0,0.0,0.0,1.0,6.5,0.0,0.0,0.0,1.0,7.25,7.0,0.0,0.0,0.0,0.0,0.0,0.0,0.0,0.0,1.0,8.5,7.0,7.5,politano m.,931,POLITANO M.,A,A,NAPOLI,,7.53,0.0,0.0,0.0,1.0,7,0.0,0.0,0.0,1.0,6.5,0.0,0.0,0.0,1.0,7.25,7.0,0.0,0.0,0.0,0.0,0.0,0.0,0.0,0.0,1.0,8.5,7.0,7.5,politano m.,politano m.,100.0
352.0,,,352,PONGRACIC M.,D,D,FIORENTINA,,6.04,0.0,0.0,0.0,0.0,5.5,0.0,0.0,0.0,0.0,5.5,0.0,0.0,0.0,0.0,5.75,5.67,1.0,0.0,0.0,0.0,0.0,0.0,0.0,0.0,1.0,5.5,5.0,5.0,pongracic m.,352,PONGRACIC M.,D,D,FIORENTINA,,6.04,0.0,0.0,0.0,0.0,5.5,0.0,0.0,0.0,0.0,5.5,0.0,0.0,0.0,0.0,5.75,5.67,1.0,0.0,0.0,0.0,0.0,0.0,0.0,0.0,1.0,5.5,5.0,5.0,pongracic m.,pongracic m.,100.0
655.0,,,655,PRATI M.,C,C,CAGLIARI,,6.04,0.0,0.0,0.0,0.0,6,0.0,0.0,0.0,0.0,5.5,0.0,0.0,0.0,0.0,6.0,5.83,0.0,0.0,0.0,0.0,0.0,0.0,0.0,0.0,1.0,6.0,6.0,5.5,prati m.,655,PRATI M.,C,C,CAGLIARI,,6.04,0.0,0.0,0.0,0.0,6,0.0,0.0,0.0,0.0,5.5,0.0,0.0,0.0,0.0,6.0,5.83,0.0,0.0,0.0,0.0,0.0,0.0,0.0,0.0,1.0,6.0,6.0,5.5,prati m.,prati m.,100.0
142.0,,,142,PROVEDEL I.,P,P,LAZIO,,5.04,0.0,2.0,0.0,0.0,5.5,0.0,2.0,0.0,0.0,6,0.0,2.0,0.0,0.0,5.25,5.5,0.0,0.0,0.0,0.0,0.0,0.0,0.0,0.0,1.0,3.0,3.5,4.0,provedel i.,142,PROVEDEL I.,P,P,LAZIO,,5.04,0.0,2.0,0.0,0.0,5.5,0.0,2.0,0.0,0.0,6,0.0,2.0,0.0,0.0,5.25,5.5,0.0,0.0,0.0,0.0,0.0,0.0,0.0,0.0,1.0,3.0,3.5,4.0,provedel i.,provedel i.,100.0
354.0,,,354,PROVSTGAARD O.,D,D,LAZIO,,5.53,0.0,0.0,0.0,0.0,5.5,0.0,0.0,0.0,0.0,5.5,0.0,0.0,0.0,0.0,5.5,5.5,0.0,0.0,0.0,0.0,0.0,0.0,0.0,0.0,1.0,5.5,5.5,5.5,provstgaard o.,354,PROVSTGAARD O.,D,D,LAZIO,,5.53,0.0,0.0,0.0,0.0,5.5,0.0,0.0,0.0,0.0,5.5,0.0,0.0,0.0,0.0,5.5,5.5,0.0,0.0,0.0,0.0,0.0,0.0,0.0,0.0,1.0,5.5,5.5,5.5,provstgaard o.,provstgaard o.,100.0
934.0,PP,934.0,934,PULISIC C.,A,A,MILAN,,5.04,0.0,0.0,0.0,0.0,5.5,0.0,0.0,0.0,0.0,5,0.0,0.0,0.0,0.0,5.25,5.17,0.0,0.0,0.0,0.0,0.0,0.0,0.0,0.0,1.0,5.0,5.5,5.0,pulisic c.,934,PULISIC C.,A,A,MILAN,,5.04,0.0,0.0,0.0,0.0,5.5,0.0,0.0,0.0,0.0,5,0.0,0.0,0.0,0.0,5.25,5.17,0.0,0.0,0.0,0.0,0.0,0.0,0.0,0.0,1.0,5.0,5.5,5.0,pulisic c.,pulisic c.,100.0
658.0,,,658,RAMADANI Y.,C,C,LECCE,,6.04,0.0,0.0,0.0,0.0,6,0.0,0.0,0.0,0.0,6.5,0.0,0.0,0.0,0.0,6.0,6.17,0.0,0.0,0.0,0.0,0.0,0.0,0.0,0.0,1.0,6.0,6.0,6.5,ramadani y.,658,RAMADANI Y.,C,C,LECCE,,6.04,0.0,0.0,0.0,0.0,6,0.0,0.0,0.0,0.0,6.5,0.0,0.0,0.0,0.0,6.0,6.17,0.0,0.0,0.0,0.0,0.0,0.0,0.0,0.0,1.0,6.0,6.0,6.5,ramadani y.,ramadani y.,100.0
423.0,VK,423.0,423,RAMON J.,D,D,COMO,,7.04,0.0,0.0,0.0,0.0,7.5,0.0,0.0,0.0,0.0,6.5,0.0,0.0,0.0,0.0,7.25,7.0,0.0,0.0,0.0,0.0,0.0,0.0,0.0,0.0,1.0,7.0,7.5,6.5,ramon j.,423,RAMON J.,D,D,COMO,,7.04,0.0,0.0,0.0,0.0,7.5,0.0,0.0,0.0,0.0,6.5,0.0,0.0,0.0,0.0,7.25,7.0,0.0,0.0,0.0,0.0,0.0,0.0,0.0,0.0,1.0,7.0,7.5,6.5,ramon j.,ramon j.,100.0
356.0,JK,356.0,356,RANIERI L.,D,D,FIORENTINA,,5.53,0.0,0.0,0.0,0.0,6,0.0,0.0,0.0,0.0,6,0.0,0.0,0.0,0.0,5.75,5.83,0.0,0.0,0.0,0.0,0.0,0.0,0.0,0.0,1.0,5.5,6.0,6.0,ranieri l.,356,RANIERI L.,D,D,FIORENTINA,,5.53,0.0,0.0,0.0,0.0,6,0.0,0.0,0.0,0.0,6,0.0,0.0,0.0,0.0,5.75,5.83,0.0,0.0,0.0,0.0,0.0,0.0,0.0,0.0,1.0,5.5,6.0,6.0,ranieri l.,ranieri l.,100.0
359.0,JP,359.0,359,RENSCH D.,D,D,ROMA,,"s,v,",0.0,0.0,0.0,0.0,"s,v,",0.0,0.0,0.0,0.0,"s,v,",0.0,0.0,0.0,0.0,0.0,0.0,0.0,0.0,0.0,0.0,0.0,0.0,0.0,0.0,0.0,0.0,0.0,0.0,rensch d.,359,RENSCH D.,D,D,ROMA,,"s,v,",0.0,0.0,0.0,0.0,"s,v,",0.0,0.0,0.0,0.0,"s,v,",0.0,0.0,0.0,0.0,0.0,0.0,0.0,0.0,0.0,0.0,0.0,0.0,0.0,0.0,0.0,0.0,0.0,0.0,rensch d.,rensch d.,100.0
360.0,,,360,ROBERTO S.,D,D,COMO,,6.53,0.0,0.0,0.0,0.0,"s,v,",0.0,0.0,0.0,0.0,"s,v,",0.0,0.0,0.0,0.0,6.5,6.5,0.0,0.0,0.0,0.0,0.0,0.0,0.0,0.0,0.0,6.5,0.0,0.0,roberto s.,360,ROBERTO S.,D,D,COMO,,6.53,0.0,0.0,0.0,0.0,"s,v,",0.0,0.0,0.0,0.0,"s,v,",0.0,0.0,0.0,0.0,6.5,6.5,0.0,0.0,0.0,0.0,0.0,0.0,0.0,0.0,0.0,6.5,0.0,0.0,roberto s.,roberto s.,100.0
937.0,IÄ,937.0,937,RODRIGUEZ J.,A,A,COMO,,7.53,0.0,0.0,0.0,0.0,7,0.0,0.0,0.0,0.0,6,0.0,0.0,0.0,0.0,7.25,6.83,0.0,0.0,0.0,0.0,0.0,0.0,0.0,0.0,1.0,7.5,7.0,6.0,rodriguez j.,937,RODRIGUEZ J.,A,A,COMO,,7.53,0.0,0.0,0.0,0.0,7,0.0,0.0,0.0,0.0,6,0.0,0.0,0.0,0.0,7.25,6.83,0.0,0.0,0.0,0.0,0.0,0.0,0.0,0.0,1.0,7.5,7.0,6.0,rodriguez j.,rodriguez j.,100.0
362.0,,,362,ROMAGNA F.,D,D,SASSUOLO,,6.04,0.0,0.0,0.0,0.0,5.5,0.0,0.0,0.0,0.0,6,0.0,0.0,0.0,0.0,5.75,5.83,0.0,0.0,0.0,0.0,0.0,0.0,0.0,0.0,1.0,6.0,5.5,6.0,romagna f.,362,ROMAGNA F.,D,D,SASSUOLO,,6.04,0.0,0.0,0.0,0.0,5.5,0.0,0.0,0.0,0.0,6,0.0,0.0,0.0,0.0,5.75,5.83,0.0,0.0,0.0,0.0,0.0,0.0,0.0,0.0,1.0,6.0,5.5,6.0,romagna f.,romagna f.,100.0
663.0,JK,663.0,663,ROVELLA N.,C,C,LAZIO,15.0,5.53,0.0,0.0,0.0,0.0,5,0.0,0.0,0.0,0.0,5.5,0.0,0.0,0.0,0.0,5.25,5.33,0.0,0.0,0.0,0.0,0.0,0.0,0.0,0.0,0.0,5.5,5.0,5.5,rovella n.,663,ROVELLA N.,C,C,LAZIO,15.0,5.53,0.0,0.0,0.0,0.0,5,0.0,0.0,0.0,0.0,5.5,0.0,0.0,0.0,0.0,5.25,5.33,0.0,0.0,0.0,0.0,0.0,0.0,0.0,0.0,0.0,5.5,5.0,5.5,rovella n.,rovella n.,100.0
365.0,VK,365.0,365,RRAHMANI A.,D,D,NAPOLI,,6.53,0.0,0.0,0.0,0.0,7,0.0,0.0,0.0,0.0,6.5,0.0,0.0,0.0,0.0,6.75,6.67,0.0,0.0,0.0,0.0,0.0,0.0,0.0,0.0,1.0,6.5,7.0,6.5,rrahmani a.,365,RRAHMANI A.,D,D,NAPOLI,,6.53,0.0,0.0,0.0,0.0,7,0.0,0.0,0.0,0.0,6.5,0.0,0.0,0.0,0.0,6.75,6.67,0.0,0.0,0.0,0.0,0.0,0.0,0.0,0.0,1.0,6.5,7.0,6.5,rrahmani a.,rrahmani a.,100.0
666.0,IÄ,666.0,666,SAELEMAEKERS A.,C,C,MILAN,,5.53,0.0,0.0,0.0,0.0,6,0.0,0.0,0.0,0.0,6,0.0,0.0,0.0,0.0,5.75,5.83,0.0,0.0,0.0,0.0,0.0,0.0,0.0,0.0,1.0,5.5,6.0,6.0,saelemaekers a.,666,SAELEMAEKERS A.,C,C,MILAN,,5.53,0.0,0.0,0.0,0.0,6,0.0,0.0,0.0,0.0,6,0.0,0.0,0.0,0.0,5.75,5.83,0.0,0.0,0.0,0.0,0.0,0.0,0.0,0.0,1.0,5.5,6.0,6.0,saelemaekers a.,saelemaekers a.,100.0
667.0,VK,667.0,667,SAMARDZIC L.,C,C,ATALANTA,,"s,v,",0.0,0.0,0.0,0.0,"s,v,",0.0,0.0,0.0,0.0,"s,v,",0.0,0.0,0.0,0.0,0.0,0.0,0.0,0.0,0.0,0.0,0.0,0.0,0.0,0.0,0.0,0.0,0.0,0.0,samardzic l.,667,SAMARDZIC L.,C,C,ATALANTA,,"s,v,",0.0,0.0,0.0,0.0,"s,v,",0.0,0.0,0.0,0.0,"s,v,",0.0,0.0,0.0,0.0,0.0,0.0,0.0,0.0,0.0,0.0,0.0,0.0,0.0,0.0,0.0,0.0,0.0,0.0,samardzic l.,samardzic l.,100.0
939.0,VK,939.0,939,SANABRIA A.,A,A,CREMONESE,15.0,6.04,0.0,0.0,0.0,0.0,6,0.0,0.0,0.0,0.0,6,0.0,0.0,0.0,0.0,6.0,6.0,0.0,0.0,0.0,0.0,0.0,0.0,0.0,0.0,0.0,6.0,6.0,6.0,sanabria a.,939,SANABRIA A.,A,A,CREMONESE,15.0,6.04,0.0,0.0,0.0,0.0,6,0.0,0.0,0.0,0.0,6,0.0,0.0,0.0,0.0,6.0,6.0,0.0,0.0,0.0,0.0,0.0,0.0,0.0,0.0,0.0,6.0,6.0,6.0,sanabria a.,sanabria a.,100.0
,,,ALL.,SARRI M.,ALL,ALL,LAZIO,,5,,,,,5,,,,,5,,,,,,,0.0,0.0,,,,,,,,,,,sarri m.,ALL.,SARRI M.,ALL,ALL,LAZIO,,5,,,,,5,,,,,5,,,,,,,0.0,0.0,,,,,,,,,,,sarri m.,sarri m.,100.0
374.0,MT,374.0,374,SCALVINI G.,D,D,ATALANTA,,6.02,0.0,0.0,0.0,0.0,6,0.0,0.0,0.0,0.0,6,0.0,0.0,0.0,0.0,6.0,6.0,0.0,0.0,0.0,0.0,0.0,0.0,0.0,0.0,1.0,6.0,6.0,6.0,scalvini g.,374,SCALVINI G.,D,D,ATALANTA,,6.02,0.0,0.0,0.0,0.0,6,0.0,0.0,0.0,0.0,6,0.0,0.0,0.0,0.0,6.0,6.0,0.0,0.0,0.0,0.0,0.0,0.0,0.0,0.0,1.0,6.0,6.0,6.0,scalvini g.,scalvini g.,100.0
942.0,MT,942.0,942,SCAMACCA G.,A,A,ATALANTA,,6.53,1.0,0.0,0.0,0.0,7,1.0,0.0,0.0,0.0,7,1.0,0.0,0.0,0.0,6.75,6.83,0.0,0.0,0.0,1.0,0.0,0.0,0.0,0.0,1.0,9.5,10.0,10.0,scamacca g.,942,SCAMACCA G.,A,A,ATALANTA,,6.53,1.0,0.0,0.0,0.0,7,1.0,0.0,0.0,0.0,7,1.0,0.0,0.0,0.0,6.75,6.83,0.0,0.0,0.0,1.0,0.0,0.0,0.0,0.0,1.0,9.5,10.0,10.0,scamacca g.,scamacca g.,100.0
152.0,MT,152.0,152,SEMPER A.,P,P,PISA,,6.53,0.0,1.0,0.0,0.0,6.5,0.0,1.0,0.0,0.0,6,0.0,1.0,0.0,0.0,6.5,6.33,0.0,0.0,0.0,0.0,0.0,0.0,0.0,0.0,1.0,5.5,5.5,5.0,semper a.,152,SEMPER A.,P,P,PISA,,6.53,0.0,1.0,0.0,0.0,6.5,0.0,1.0,0.0,0.0,6,0.0,1.0,0.0,0.0,6.5,6.33,0.0,0.0,0.0,0.0,0.0,0.0,0.0,0.0,1.0,5.5,5.5,5.0,semper a.,semper a.,100.0
155.0,,,155,SKORUPSKI L.,P,P,BOLOGNA,,6.53,0.0,1.0,0.0,0.0,6,0.0,1.0,0.0,0.0,6.5,0.0,1.0,0.0,0.0,6.25,6.33,0.0,0.0,0.0,0.0,0.0,0.0,0.0,0.0,1.0,5.5,5.0,5.5,skorupski l.,155,SKORUPSKI L.,P,P,BOLOGNA,,6.53,0.0,1.0,0.0,0.0,6,0.0,1.0,0.0,0.0,6.5,0.0,1.0,0.0,0.0,6.25,6.33,0.0,0.0,0.0,0.0,0.0,0.0,0.0,0.0,1.0,5.5,5.0,5.5,skorupski l.,skorupski l.,100.0
379.0,,,379,SMOLCIC I.,D,D,COMO,15.0,6.04,0.0,0.0,0.0,0.0,6,0.0,0.0,0.0,0.0,"s,v,",0.0,0.0,0.0,0.0,6.0,6.0,0.0,0.0,0.0,0.0,0.0,0.0,0.0,0.0,0.0,6.0,6.0,0.0,smolcic i.,379,SMOLCIC I.,D,D,COMO,15.0,6.04,0.0,0.0,0.0,0.0,6,0.0,0.0,0.0,0.0,"s,v,",0.0,0.0,0.0,0.0,6.0,6.0,0.0,0.0,0.0,0.0,0.0,0.0,0.0,0.0,0.0,6.0,6.0,0.0,smolcic i.,smolcic i.,100.0
669.0,IÄ,669.0,669,SOHM S.,C,C,FIORENTINA,,5.53,0.0,0.0,0.0,0.0,5,0.0,0.0,0.0,0.0,6,0.0,0.0,0.0,0.0,5.25,5.5,0.0,0.0,0.0,0.0,0.0,0.0,0.0,0.0,1.0,5.5,5.0,6.0,sohm s.,669,SOHM S.,C,C,FIORENTINA,,5.53,0.0,0.0,0.0,0.0,5,0.0,0.0,0.0,0.0,6,0.0,0.0,0.0,0.0,5.25,5.5,0.0,0.0,0.0,0.0,0.0,0.0,0.0,0.0,1.0,5.5,5.0,6.0,sohm s.,sohm s.,100.0
708.0,PP,708.0,708,SORENSEN O.,C,C,PARMA,15.0,6.04,0.0,0.0,0.0,0.0,5.5,0.0,0.0,0.0,0.0,5.5,0.0,0.0,0.0,0.0,5.75,5.67,1.0,0.0,0.0,0.0,0.0,0.0,0.0,0.0,0.0,5.5,5.0,5.0,sorensen o.,708,SORENSEN O.,C,C,PARMA,15.0,6.04,0.0,0.0,0.0,0.0,5.5,0.0,0.0,0.0,0.0,5.5,0.0,0.0,0.0,0.0,5.75,5.67,1.0,0.0,0.0,0.0,0.0,0.0,0.0,0.0,0.0,5.5,5.0,5.0,sorensen o.,sorensen o.,100.0
670.0,JH,670.0,670,SOTTIL R.,C,C,LECCE,15.0,6.04,0.0,0.0,0.0,0.0,6,0.0,0.0,0.0,0.0,5.5,0.0,0.0,0.0,0.0,6.0,5.83,0.0,0.0,0.0,0.0,0.0,0.0,0.0,0.0,0.0,6.0,6.0,5.5,sottil r.,670,SOTTIL R.,C,C,LECCE,15.0,6.04,0.0,0.0,0.0,0.0,6,0.0,0.0,0.0,0.0,5.5,0.0,0.0,0.0,0.0,6.0,5.83,0.0,0.0,0.0,0.0,0.0,0.0,0.0,0.0,0.0,6.0,6.0,5.5,sottil r.,sottil r.,100.0
946.0,PP,946.0,946,SOULE M.,A,A,ROMA,,6.04,0.0,0.0,0.0,0.0,6,0.0,0.0,0.0,0.0,6,0.0,0.0,0.0,0.0,6.0,6.0,0.0,0.0,0.0,0.0,0.0,0.0,0.0,0.0,1.0,6.0,6.0,6.0,soule m.,946,SOULE M.,A,A,ROMA,,6.04,0.0,0.0,0.0,0.0,6,0.0,0.0,0.0,0.0,6,0.0,0.0,0.0,0.0,6.0,6.0,0.0,0.0,0.0,0.0,0.0,0.0,0.0,0.0,1.0,6.0,6.0,6.0,soule m.,soule m.,100.0
381.0,JK,381.0,381,SPINAZZOLA L.,D,D,NAPOLI,,"s,v,",0.0,0.0,0.0,0.0,"s,v,",0.0,0.0,0.0,0.0,"s,v,",0.0,0.0,0.0,0.0,0.0,0.0,0.0,0.0,0.0,0.0,0.0,0.0,0.0,0.0,0.0,0.0,0.0,0.0,spinazzola l.,381,SPINAZZOLA L.,D,D,NAPOLI,,"s,v,",0.0,0.0,0.0,0.0,"s,v,",0.0,0.0,0.0,0.0,"s,v,",0.0,0.0,0.0,0.0,0.0,0.0,0.0,0.0,0.0,0.0,0.0,0.0,0.0,0.0,0.0,0.0,0.0,0.0,spinazzola l.,spinazzola l.,100.0
671.0,JP,671.0,671,STANCIU N.,C,C,GENOA,,6.53,0.0,0.0,0.0,0.0,7,0.0,0.0,0.0,0.0,6,0.0,0.0,0.0,0.0,6.75,6.5,0.0,0.0,0.0,0.0,0.0,0.0,0.0,0.0,1.0,6.5,7.0,6.0,stanciu n.,671,STANCIU N.,C,C,GENOA,,6.53,0.0,0.0,0.0,0.0,7,0.0,0.0,0.0,0.0,6,0.0,0.0,0.0,0.0,6.75,6.5,0.0,0.0,0.0,0.0,0.0,0.0,0.0,0.0,1.0,6.5,7.0,6.0,stanciu n.,stanciu n.,100.0
674.0,,,674,SULEMANA,C,C,ATALANTA,15.0,6.03,0.0,0.0,0.0,0.0,6,0.0,0.0,0.0,0.0,6,0.0,0.0,0.0,0.0,6.0,6.0,1.0,0.0,0.0,0.0,0.0,0.0,0.0,0.0,0.0,5.5,5.5,5.5,sulemana,674,SULEMANA,C,C,ATALANTA,15.0,6.03,0.0,0.0,0.0,0.0,6,0.0,0.0,0.0,0.0,6,0.0,0.0,0.0,0.0,6.0,6.0,1.0,0.0,0.0,0.0,0.0,0.0,0.0,0.0,0.0,5.5,5.5,5.5,sulemana,sulemana,100.0
159.0,JH,159.0,159,SUZUKI Z.,P,P,PARMA,,6.53,0.0,2.0,0.0,0.0,6,0.0,2.0,0.0,0.0,6,0.0,2.0,0.0,0.0,6.25,6.17,1.0,0.0,0.0,0.0,0.0,0.0,0.0,0.0,1.0,4.0,3.5,3.5,suzuki z.,159,SUZUKI Z.,P,P,PARMA,,6.53,0.0,2.0,0.0,0.0,6,0.0,2.0,0.0,0.0,6,0.0,2.0,0.0,0.0,6.25,6.17,1.0,0.0,0.0,0.0,0.0,0.0,0.0,0.0,1.0,4.0,3.5,3.5,suzuki z.,suzuki z.,100.0
160.0,,,160,SVILAR M.,P,P,ROMA,,6.04,0.0,0.0,0.0,0.0,6,0.0,0.0,0.0,0.0,6,0.0,0.0,0.0,0.0,6.0,6.0,0.0,0.0,0.0,0.0,0.0,0.0,0.0,0.0,1.0,6.0,6.0,6.0,svilar m.,160,SVILAR M.,P,P,ROMA,,6.04,0.0,0.0,0.0,0.0,6,0.0,0.0,0.0,0.0,6,0.0,0.0,0.0,0.0,6.0,6.0,0.0,0.0,0.0,0.0,0.0,0.0,0.0,0.0,1.0,6.0,6.0,6.0,svilar m.,svilar m.,100.0
385.0,JK,385.0,385,TERRACCIANO F.,D,D,CREMONESE,,6.53,0.0,0.0,0.0,0.0,6,0.0,0.0,0.0,0.0,7,0.0,0.0,0.0,0.0,6.25,6.5,1.0,0.0,0.0,0.0,0.0,0.0,0.0,0.0,1.0,6.0,5.5,6.5,terracciano f.,385,TERRACCIANO F.,D,D,CREMONESE,,6.53,0.0,0.0,0.0,0.0,6,0.0,0.0,0.0,0.0,7,0.0,0.0,0.0,0.0,6.25,6.5,1.0,0.0,0.0,0.0,0.0,0.0,0.0,0.0,1.0,6.0,5.5,6.5,terracciano f.,terracciano f.,100.0
677.0,,,677,THORSBY M.,C,C,GENOA,,"s,v,",0.0,0.0,0.0,0.0,"s,v,",0.0,0.0,0.0,0.0,"s,v,",0.0,0.0,0.0,0.0,0.0,0.0,0.0,0.0,0.0,0.0,0.0,0.0,0.0,0.0,0.0,0.0,0.0,0.0,thorsby m.,677,THORSBY M.,C,C,GENOA,,"s,v,",0.0,0.0,0.0,0.0,"s,v,",0.0,0.0,0.0,0.0,"s,v,",0.0,0.0,0.0,0.0,0.0,0.0,0.0,0.0,0.0,0.0,0.0,0.0,0.0,0.0,0.0,0.0,0.0,0.0,thorsby m.,thorsby m.,100.0
679.0,VK,679.0,679,THURAM K.,C,C,JUVENTUS,,6.53,0.0,0.0,0.0,0.0,6.5,0.0,0.0,0.0,0.0,6.5,0.0,0.0,0.0,0.0,6.5,6.5,0.0,0.0,0.0,0.0,0.0,0.0,0.0,0.0,1.0,6.5,6.5,6.5,thuram k.,679,THURAM K.,C,C,JUVENTUS,,6.53,0.0,0.0,0.0,0.0,6.5,0.0,0.0,0.0,0.0,6.5,0.0,0.0,0.0,0.0,6.5,6.5,0.0,0.0,0.0,0.0,0.0,0.0,0.0,0.0,1.0,6.5,6.5,6.5,thuram k.,thuram k.,100.0
387.0,TE,387.0,387,TOMORI F.,D,D,MILAN,,5.04,0.0,0.0,0.0,0.0,5.5,0.0,0.0,0.0,0.0,5.5,0.0,0.0,0.0,0.0,5.25,5.33,0.0,0.0,0.0,0.0,0.0,0.0,0.0,0.0,1.0,5.0,5.5,5.5,tomori f.,387,TOMORI F.,D,D,MILAN,,5.04,0.0,0.0,0.0,0.0,5.5,0.0,0.0,0.0,0.0,5.5,0.0,0.0,0.0,0.0,5.25,5.33,0.0,0.0,0.0,0.0,0.0,0.0,0.0,0.0,1.0,5.0,5.5,5.5,tomori f.,tomori f.,100.0
681.0,,,681,TOURE Id.,C,C,PISA,,6.53,0.0,0.0,0.0,0.0,7,0.0,0.0,0.0,0.0,6.5,0.0,0.0,0.0,0.0,6.75,6.67,0.0,0.0,0.0,0.0,0.0,0.0,0.0,0.0,1.0,6.5,7.0,6.5,toure id.,681,TOURE Id.,C,C,PISA,,6.53,0.0,0.0,0.0,0.0,7,0.0,0.0,0.0,0.0,6.5,0.0,0.0,0.0,0.0,6.75,6.67,0.0,0.0,0.0,0.0,0.0,0.0,0.0,0.0,1.0,6.5,7.0,6.5,toure id.,toure id.,100.0
682.0,MT,682.0,682,TRAMONI M.,C,C,PISA,,6.04,0.0,0.0,0.0,0.0,6.5,0.0,0.0,0.0,0.0,6,0.0,0.0,0.0,0.0,6.25,6.17,0.0,0.0,0.0,0.0,0.0,0.0,0.0,0.0,1.0,6.0,6.5,6.0,tramoni m.,682,TRAMONI M.,C,C,PISA,,6.04,0.0,0.0,0.0,0.0,6.5,0.0,0.0,0.0,0.0,6,0.0,0.0,0.0,0.0,6.25,6.17,0.0,0.0,0.0,0.0,0.0,0.0,0.0,0.0,1.0,6.0,6.5,6.0,tramoni m.,tramoni m.,100.0
,,,ALL.,TUDOR I.,ALL,ALL,JUVENTUS,,6.5,,,,,6.5,,,,,6.5,,,,,,,1.0,0.0,,,,,,,,,,,tudor i.,ALL.,TUDOR I.,ALL,ALL,JUVENTUS,,6.5,,,,,6.5,,,,,6.5,,,,,,,1.0,0.0,,,,,,,,,,,tudor i.,tudor i.,100.0
163.0,,,163,TURATI S.,P,P,SASSUOLO,,5.04,0.0,2.0,0.0,0.0,5.5,0.0,2.0,0.0,0.0,5.5,0.0,2.0,0.0,0.0,5.25,5.33,0.0,0.0,0.0,0.0,0.0,0.0,0.0,0.0,1.0,3.0,3.5,3.5,turati s.,163,TURATI S.,P,P,SASSUOLO,,5.04,0.0,2.0,0.0,0.0,5.5,0.0,2.0,0.0,0.0,5.5,0.0,2.0,0.0,0.0,5.25,5.33,0.0,0.0,0.0,0.0,0.0,0.0,0.0,0.0,1.0,3.0,3.5,3.5,turati s.,turati s.,100.0
391.0,TE,391.0,391,VALENTI L.,D,D,PARMA,,6.04,0.0,0.0,0.0,0.0,5,0.0,0.0,0.0,0.0,6,0.0,0.0,0.0,0.0,5.5,5.67,0.0,0.0,0.0,0.0,0.0,0.0,0.0,0.0,1.0,6.0,5.0,6.0,valenti l.,391,VALENTI L.,D,D,PARMA,,6.04,0.0,0.0,0.0,0.0,5,0.0,0.0,0.0,0.0,6,0.0,0.0,0.0,0.0,5.5,5.67,0.0,0.0,0.0,0.0,0.0,0.0,0.0,0.0,1.0,6.0,5.0,6.0,valenti l.,valenti l.,100.0
393.0,,,393,VALERI E.,D,D,PARMA,,5.04,0.0,0.0,0.0,0.0,6,0.0,0.0,0.0,0.0,5.5,0.0,0.0,0.0,0.0,5.5,5.5,0.0,0.0,0.0,0.0,0.0,0.0,0.0,0.0,1.0,5.0,6.0,5.5,valeri e.,393,VALERI E.,D,D,PARMA,,5.04,0.0,0.0,0.0,0.0,6,0.0,0.0,0.0,0.0,5.5,0.0,0.0,0.0,0.0,5.5,5.5,0.0,0.0,0.0,0.0,0.0,0.0,0.0,0.0,1.0,5.0,6.0,5.5,valeri e.,valeri e.,100.0
394.0,JP,394.0,394,VALLE A.,D,D,COMO,,7.04,0.0,0.0,0.0,0.0,7.5,0.0,0.0,0.0,0.0,6,0.0,0.0,0.0,0.0,7.25,6.83,0.0,0.0,0.0,0.0,0.0,0.0,0.0,0.0,1.0,7.0,7.5,6.0,valle a.,394,VALLE A.,D,D,COMO,,7.04,0.0,0.0,0.0,0.0,7.5,0.0,0.0,0.0,0.0,6,0.0,0.0,0.0,0.0,7.25,6.83,0.0,0.0,0.0,0.0,0.0,0.0,0.0,0.0,1.0,7.0,7.5,6.0,valle a.,valle a.,100.0
395.0,PP,395.0,395,VAN DER BREMPT I.,D,D,COMO,,6.53,0.0,0.0,0.0,0.0,7,0.0,0.0,0.0,0.0,6.5,0.0,0.0,0.0,0.0,6.75,6.67,1.0,0.0,0.0,0.0,0.0,0.0,0.0,0.0,1.0,6.0,6.5,6.0,van der brempt i.,395,VAN DER BREMPT I.,D,D,COMO,,6.53,0.0,0.0,0.0,0.0,7,0.0,0.0,0.0,0.0,6.5,0.0,0.0,0.0,0.0,6.75,6.67,1.0,0.0,0.0,0.0,0.0,0.0,0.0,0.0,1.0,6.0,6.5,6.0,van der brempt i.,van der brempt i.,100.0
686.0,MT,686.0,686,VANDEPUTTE J.,C,C,CREMONESE,,5.53,0.0,0.0,0.0,0.0,5.5,0.0,0.0,0.0,0.0,5.5,0.0,0.0,0.0,0.0,5.5,5.5,0.0,0.0,0.0,0.0,0.0,0.0,0.0,0.0,1.0,5.5,5.5,5.5,vandeputte j.,686,VANDEPUTTE J.,C,C,CREMONESE,,5.53,0.0,0.0,0.0,0.0,5.5,0.0,0.0,0.0,0.0,5.5,0.0,0.0,0.0,0.0,5.5,5.5,0.0,0.0,0.0,0.0,0.0,0.0,0.0,0.0,1.0,5.5,5.5,5.5,vandeputte j.,vandeputte j.,100.0
396.0,JH,396.0,396,VASQUEZ J.,D,D,GENOA,,6.04,0.0,0.0,0.0,0.0,6,0.0,0.0,0.0,0.0,6,0.0,0.0,0.0,0.0,6.0,6.0,0.0,0.0,0.0,0.0,0.0,0.0,0.0,0.0,1.0,6.0,6.0,6.0,vasquez j.,396,VASQUEZ J.,D,D,GENOA,,6.04,0.0,0.0,0.0,0.0,6,0.0,0.0,0.0,0.0,6,0.0,0.0,0.0,0.0,6.0,6.0,0.0,0.0,0.0,0.0,0.0,0.0,0.0,0.0,1.0,6.0,6.0,6.0,vasquez j.,vasquez j.,100.0
397.0,,,397,VEIGA D.,D,D,LECCE,,6.04,0.0,0.0,0.0,0.0,6,0.0,0.0,0.0,0.0,6,0.0,0.0,0.0,0.0,6.0,6.0,1.0,0.0,0.0,0.0,0.0,0.0,0.0,0.0,1.0,5.5,5.5,5.5,veiga d.,397,VEIGA D.,D,D,LECCE,,6.04,0.0,0.0,0.0,0.0,6,0.0,0.0,0.0,0.0,6,0.0,0.0,0.0,0.0,6.0,6.0,1.0,0.0,0.0,0.0,0.0,0.0,0.0,0.0,1.0,5.5,5.5,5.5,veiga d.,veiga d.,100.0
0.0,,,0,VERGARA A.,C,C,NAPOLI,,"s,v,",0.0,0.0,0.0,0.0,"s,v,",0.0,0.0,0.0,0.0,"s,v,",0.0,0.0,0.0,0.0,0.0,0.0,0.0,0.0,0.0,0.0,0.0,0.0,0.0,0.0,0.0,0.0,0.0,0.0,vergara a.,0,VERGARA A.,C,C,NAPOLI,,"s,v,",0.0,0.0,0.0,0.0,"s,v,",0.0,0.0,0.0,0.0,"s,v,",0.0,0.0,0.0,0.0,0.0,0.0,0.0,0.0,0.0,0.0,0.0,0.0,0.0,0.0,0.0,0.0,0.0,0.0,vergara a.,vergara a.,100.0
,,,ALL.,VIERA P.,ALL,ALL,GENOA,,6,,,,,6,,,,,5,,,,,,,0.0,0.0,,,,,,,,,,,viera p.,ALL.,VIERA P.,ALL,ALL,GENOA,,6,,,,,6,,,,,5,,,,,,,0.0,0.0,,,,,,,,,,,viera p.,viera p.,100.0
399.0,MT,399.0,399,VITI M.,D,D,FIORENTINA,15.0,5.53,0.0,0.0,0.0,0.0,6,0.0,0.0,0.0,0.0,6,0.0,0.0,0.0,0.0,5.75,5.83,0.0,0.0,0.0,0.0,0.0,0.0,0.0,0.0,0.0,5.5,6.0,6.0,viti m.,399,VITI M.,D,D,FIORENTINA,15.0,5.53,0.0,0.0,0.0,0.0,6,0.0,0.0,0.0,0.0,6,0.0,0.0,0.0,0.0,5.75,5.83,0.0,0.0,0.0,0.0,0.0,0.0,0.0,0.0,0.0,5.5,6.0,6.0,viti m.,viti m.,100.0
400.0,VK,400.0,400,VITIK M.,D,D,BOLOGNA,15.0,5.53,0.0,0.0,0.0,0.0,5.5,0.0,0.0,0.0,0.0,6.5,0.0,0.0,0.0,0.0,5.5,5.83,0.0,0.0,0.0,0.0,0.0,0.0,0.0,0.0,0.0,5.5,5.5,6.5,vitik m.,400,VITIK M.,D,D,BOLOGNA,15.0,5.53,0.0,0.0,0.0,0.0,5.5,0.0,0.0,0.0,0.0,6.5,0.0,0.0,0.0,0.0,5.5,5.83,0.0,0.0,0.0,0.0,0.0,0.0,0.0,0.0,0.0,5.5,5.5,6.5,vitik m.,vitik m.,100.0
960.0,,,960,VITINHA,A,A,GENOA,,"s,v,",0.0,0.0,0.0,0.0,"s,v,",0.0,0.0,0.0,0.0,"s,v,",0.0,0.0,0.0,0.0,0.0,0.0,0.0,0.0,0.0,0.0,0.0,0.0,0.0,0.0,0.0,0.0,0.0,0.0,vitinha,960,VITINHA,A,A,GENOA,,"s,v,",0.0,0.0,0.0,0.0,"s,v,",0.0,0.0,0.0,0.0,"s,v,",0.0,0.0,0.0,0.0,0.0,0.0,0.0,0.0,0.0,0.0,0.0,0.0,0.0,0.0,0.0,0.0,0.0,0.0,vitinha,vitinha,100.0
961.0,,,961,VLAHOVIC D.,A,A,JUVENTUS,,7.04,1.0,0.0,0.0,0.0,7,1.0,0.0,0.0,0.0,7,1.0,0.0,0.0,0.0,7.0,7.0,0.0,0.0,0.0,0.0,0.0,0.0,0.0,0.0,0.0,10.0,10.0,10.0,vlahovic d.,961,VLAHOVIC D.,A,A,JUVENTUS,,7.04,1.0,0.0,0.0,0.0,7,1.0,0.0,0.0,0.0,7,1.0,0.0,0.0,0.0,7.0,7.0,0.0,0.0,0.0,0.0,0.0,0.0,0.0,0.0,0.0,10.0,10.0,10.0,vlahovic d.,vlahovic d.,100.0
402.0,IÄ,402.0,402,VOJVODA M.,D,D,COMO,,7.53,0.0,0.0,0.0,0.0,7.5,0.0,0.0,0.0,0.0,6.5,0.0,0.0,0.0,0.0,7.5,7.17,0.0,0.0,0.0,0.0,0.0,0.0,0.0,0.0,1.0,7.5,7.5,6.5,vojvoda m.,402,VOJVODA M.,D,D,COMO,,7.53,0.0,0.0,0.0,0.0,7.5,0.0,0.0,0.0,0.0,6.5,0.0,0.0,0.0,0.0,7.5,7.17,0.0,0.0,0.0,0.0,0.0,0.0,0.0,0.0,1.0,7.5,7.5,6.5,vojvoda m.,vojvoda m.,100.0
403.0,,,403,WALUKIEWICZ S.,D,D,SASSUOLO,,5.53,0.0,0.0,0.0,0.0,5,0.0,0.0,0.0,0.0,6,0.0,0.0,0.0,0.0,5.25,5.5,0.0,0.0,0.0,0.0,0.0,0.0,0.0,0.0,1.0,5.5,5.0,6.0,walukiewicz s.,403,WALUKIEWICZ S.,D,D,SASSUOLO,,5.53,0.0,0.0,0.0,0.0,5,0.0,0.0,0.0,0.0,6,0.0,0.0,0.0,0.0,5.25,5.5,0.0,0.0,0.0,0.0,0.0,0.0,0.0,0.0,1.0,5.5,5.0,6.0,walukiewicz s.,walukiewicz s.,100.0
424.0,PP,424.0,424,WESLEY,D,D,ROMA,,7.04,1.0,0.0,0.0,0.0,7.5,1.0,0.0,0.0,0.0,7,1.0,0.0,0.0,0.0,7.25,7.17,0.0,0.0,1.0,0.0,0.0,0.0,0.0,0.0,1.0,10.0,10.5,10.0,wesley,424,WESLEY,D,D,ROMA,,7.04,1.0,0.0,0.0,0.0,7.5,1.0,0.0,0.0,0.0,7,1.0,0.0,0.0,0.0,7.25,7.17,0.0,0.0,1.0,0.0,0.0,0.0,0.0,0.0,1.0,10.0,10.5,10.0,wesley,wesley,100.0
962.0,TE,962.0,962,YILDIZ K.,A,A,JUVENTUS,,7.04,0.0,0.0,0.0,2.0,7.5,0.0,0.0,0.0,2.0,7.5,0.0,0.0,0.0,2.0,7.25,7.33,0.0,0.0,0.0,0.0,0.0,0.0,0.0,0.0,1.0,9.0,7.5,9.5,yildiz k.,962,YILDIZ K.,A,A,JUVENTUS,,7.04,0.0,0.0,0.0,2.0,7.5,0.0,0.0,0.0,2.0,7.5,0.0,0.0,0.0,2.0,7.25,7.33,0.0,0.0,0.0,0.0,0.0,0.0,0.0,0.0,1.0,9.0,7.5,9.5,yildiz k.,yildiz k.,100.0
963.0,JH,963.0,963,ZACCAGNI M.,A,A,LAZIO,,5.04,0.0,0.0,0.0,0.0,5.5,0.0,0.0,0.0,0.0,5,0.0,0.0,0.0,0.0,5.25,5.17,1.0,0.0,0.0,0.0,0.0,0.0,0.0,0.0,1.0,4.5,5.0,4.5,zaccagni m.,963,ZACCAGNI M.,A,A,LAZIO,,5.04,0.0,0.0,0.0,0.0,5.5,0.0,0.0,0.0,0.0,5,0.0,0.0,0.0,0.0,5.25,5.17,1.0,0.0,0.0,0.0,0.0,0.0,0.0,0.0,1.0,4.5,5.0,4.5,zaccagni m.,zaccagni m.,100.0
697.0,,,697,ZALEWSKI N.,C,C,ATALANTA,,6.04,0.0,0.0,0.0,0.0,6,0.0,0.0,0.0,0.0,6,0.0,0.0,0.0,0.0,6.0,6.0,0.0,0.0,0.0,0.0,0.0,0.0,0.0,0.0,1.0,6.0,6.0,6.0,zalewski n.,697,ZALEWSKI N.,C,C,ATALANTA,,6.04,0.0,0.0,0.0,0.0,6,0.0,0.0,0.0,0.0,6,0.0,0.0,0.0,0.0,6.0,6.0,0.0,0.0,0.0,0.0,0.0,0.0,0.0,0.0,1.0,6.0,6.0,6.0,zalewski n.,zalewski n.,100.0
407.0,MT,407.0,407,ZAPPA G.,D,D,CAGLIARI,,6.04,0.0,0.0,0.0,0.0,6.5,0.0,0.0,0.0,0.0,6,0.0,0.0,0.0,0.0,6.25,6.17,0.0,0.0,0.0,0.0,0.0,0.0,0.0,0.0,1.0,6.0,6.5,6.0,zappa g.,407,ZAPPA G.,D,D,CAGLIARI,,6.04,0.0,0.0,0.0,0.0,6.5,0.0,0.0,0.0,0.0,6,0.0,0.0,0.0,0.0,6.25,6.17,0.0,0.0,0.0,0.0,0.0,0.0,0.0,0.0,1.0,6.0,6.5,6.0,zappa g.,zappa g.,100.0
965.0,MT,965.0,965,ZERBIN A.,A,A,CREMONESE,,6.53,0.0,0.0,0.0,1.0,6.5,0.0,0.0,0.0,1.0,6.5,0.0,0.0,0.0,1.0,6.5,6.5,0.0,0.0,0.0,0.0,0.0,0.0,0.0,0.0,1.0,7.5,6.5,7.5,zerbin a.,965,ZERBIN A.,A,A,CREMONESE,,6.53,0.0,0.0,0.0,1.0,6.5,0.0,0.0,0.0,1.0,6.5,0.0,0.0,0.0,1.0,6.5,6.5,0.0,0.0,0.0,0.0,0.0,0.0,0.0,0.0,1.0,7.5,6.5,7.5,zerbin a.,zerbin a.,100.0
410.0,JK,410.0,410,ZORTEA N.,D,D,BOLOGNA,15.0,5.53,0.0,0.0,0.0,0.0,5.5,0.0,0.0,0.0,0.0,"s,v,",0.0,0.0,0.0,0.0,5.5,5.5,0.0,0.0,0.0,0.0,0.0,0.0,0.0,0.0,0.0,5.5,5.5,0.0,zortea n.,410,ZORTEA N.,D,D,BOLOGNA,15.0,5.53,0.0,0.0,0.0,0.0,5.5,0.0,0.0,0.0,0.0,"s,v,",0.0,0.0,0.0,0.0,5.5,5.5,0.0,0.0,0.0,0.0,0.0,0.0,0.0,0.0,0.0,5.5,5.5,0.0,zortea n.,zortea n.,100.0
